索引番号,食品名,エネルギー（kcal）,タンパク質,脂質,炭水化物,食塩相当量
1,アマランサス玄穀,358,12.7,6,64.9,0
2,あわ精白粒,367,11.2,4.4,69.7,0
3,あわあわもち,214,5.1,1.3,45.3,0
4,えんばくオートミール,380,13.7,5.7,69.1,0
5,おおむぎ七分つき押麦,341,10.9,2.1,72.1,0
6,おおむぎ押麦,340,6.2,1.3,77.8,0
7,おおむぎ米粒麦,343,7,2.1,76.2,0
8,おおむぎ大麦めん乾,339,12.9,1.7,68,2.8
9,おおむぎ大麦めんゆで,122,4.8,0.6,24.3,0.2
10,おおむぎ麦こがし,391,12.5,5,77.1,0
11,きび精白粒,363,11.3,3.3,70.9,0
12,こむぎ［玄穀］国産普通,337,10.6,3.1,72.2,0
13,こむぎ［玄穀］輸入軟質,348,10.1,3.3,75.2,0
14,こむぎ［玄穀］輸入硬質,334,13,3,69.4,0
15,こむぎ［小麦粉］薄力粉1等,367,8.3,1.5,75.8,0
16,こむぎ［小麦粉］薄力粉2等,368,9.3,1.9,74.3,0
17,こむぎ［小麦粉］中力粉1等,367,9,1.6,75.1,0
18,こむぎ［小麦粉］中力粉2等,368,9.7,1.8,74,0
19,こむぎ［小麦粉］強力粉1等,365,11.8,1.5,71.7,0
20,こむぎ［小麦粉］強力粉2等,366,12.6,1.7,70.6,0
21,こむぎ［小麦粉］強力粉全粒粉,328,12.8,2.9,68.2,0
22,こむぎ［小麦粉］プレミックス粉お好み焼き用,352,10.1,1.9,73.6,3.7
23,こむぎ［小麦粉］プレミックス粉ホットケーキ用,365,7.8,4,74.4,1
24,こむぎ［小麦粉］プレミックス粉から揚げ用,331,10.2,1.2,70,9.7
25,こむぎ［小麦粉］プレミックス粉天ぷら用,351,8.8,1.3,76.1,0.5
26,こむぎ［パン類］食パン,264,9.3,4.4,46.7,1.3
27,こむぎ［パン類］コッペパン,265,8.5,3.8,49.1,1.3
28,こむぎ［パン類］乾パン,393,9.5,4.4,78.8,1.2
29,こむぎ［パン類］フランスパン,279,9.4,1.3,57.5,1.6
30,こむぎ［パン類］ライ麦パン,264,8.4,2.2,52.7,1.2
31,こむぎ［パン類］ぶどうパン,269,8.2,3.5,51.1,1
32,こむぎ［パン類］ロールパン,316,10.1,9,48.6,1.2
33,こむぎ［パン類］クロワッサン,448,7.9,26.8,43.9,1.2
34,こむぎ［パン類］イングリッシュマフィン,228,8.1,3.6,40.8,1.2
35,こむぎ［パン類］ナン,262,10.3,3.4,47.6,1.3
36,こむぎ［パン類］ベーグル,275,9.6,2,54.6,1.2
37,こむぎ［うどん・そうめん類］うどん生,270,6.1,0.6,56.8,2.5
38,こむぎ［うどん・そうめん類］うどんゆで,105,2.6,0.4,21.6,0.3
39,こむぎ［うどん・そうめん類］干しうどん乾,348,8.5,1.1,71.9,4.3
40,こむぎ［うどん・そうめん類］干しうどんゆで,126,3.1,0.5,25.8,0.5
41,こむぎ［うどん・そうめん類］そうめん・ひやむぎ乾,356,9.5,1.1,72.7,3.8
42,こむぎ［うどん・そうめん類］そうめん・ひやむぎゆで,127,3.5,0.4,25.8,0.2
43,こむぎ［うどん・そうめん類］手延そうめん・手延ひやむぎ乾,342,9.3,1.5,68.9,5.8
44,こむぎ［うどん・そうめん類］手延そうめん・手延ひやむぎゆで,127,3.5,0.6,25.5,0.3
45,こむぎ［中華めん類］中華めん生,281,8.6,1.2,55.7,1
46,こむぎ［中華めん類］中華めんゆで,149,4.9,0.6,29.2,0.2
47,こむぎ［中華めん類］蒸し中華めん,198,5.3,1.7,38.4,0.4
48,こむぎ［中華めん類］干し中華めん乾,365,10.5,1.6,73,1.3
49,こむぎ［中華めん類］干し中華めんゆで,140,4.1,0.5,28.1,0.2
50,こむぎ［中華めん類］沖縄そば生,284,9.2,2,54.2,2.1
51,こむぎ［中華めん類］沖縄そばゆで,147,5.2,0.8,28,0.4
52,こむぎ［中華めん類］干し沖縄そば乾,351,12,1.7,67.8,4.3
53,こむぎ［中華めん類］干し沖縄そばゆで,148,5.2,0.6,28.6,0.5
54,こむぎ［即席めん類］即席中華めん油揚げ味付け,445,10.1,16.7,63.5,6.4
55,こむぎ［即席めん類］即席中華めん油揚げ,458,10.1,19.1,61.4,5.6
56,こむぎ［即席めん類］即席中華めん非油揚げ,356,10.3,5.2,67.1,6.9
57,こむぎ［即席めん類］中華スタイル即席カップめん油揚げ,448,10.7,19.7,56.9,6.9
58,こむぎ［即席めん類］中華スタイル即席カップめん油揚げ焼きそば,436,8.4,18.9,58.1,3.8
59,こむぎ［即席めん類］中華スタイル即席カップめん非油揚げ,342,9,6.4,62.2,6.9
60,こむぎ［即席めん類］和風スタイル即席カップめん油揚げ,451,10.9,20.1,56.6,6.9
63,こむぎ［マカロニ・スパゲッティ類］マカロニ・スパゲッティ乾,379,12.2,1.9,73.9,0
64,こむぎ［マカロニ・スパゲッティ類］マカロニ・スパゲッティゆで,165,5.4,0.9,32,1.2
65,こむぎ［マカロニ・スパゲッティ類］生パスタ生,247,7.8,1.9,46.9,1.2
66,こむぎ［ふ類］生ふ,163,12.7,0.8,26.2,0
67,こむぎ［ふ類］焼きふ釜焼きふ,385,28.5,2.7,56.9,0
68,こむぎ［ふ類］焼きふ板ふ,379,25.6,3.3,57.3,0.5
69,こむぎ［ふ類］焼きふ車ふ,387,30.2,3.4,54.2,0.3
70,こむぎ［その他］小麦はいが,426,32,11.6,48.3,0
71,こむぎ［その他］小麦たんぱく粉末状,437,72,9.7,10.6,0.2
72,こむぎ［その他］小麦たんぱく粒状,111,20,2,1.8,0.1
73,こむぎ［その他］小麦たんぱくペースト状,159,25,4.1,3.9,0.6
74,こむぎ［その他］ぎょうざの皮,291,9.3,1.4,57,0
75,こむぎ［その他］しゅうまいの皮,295,8.3,1.4,58.9,0
76,こむぎ［その他］ピザ生地,268,9.1,3,51.1,1.3
77,こむぎ［その他］ちくわぶ,171,7.1,1.2,31.1,0
78,こむぎ［その他］パン粉生,280,11,5.1,47.6,0.9
79,こむぎ［その他］パン粉半生,319,12.5,5.8,54.3,1
80,こむぎ［その他］パン粉乾燥,373,14.6,6.8,63.4,1.2
81,こむぎ［その他］冷めん生,252,3.9,0.7,57.6,1.3
82,こめ［水稲穀粒］玄米,353,6.8,2.7,74.3,0
83,こめ［水稲穀粒］半つき米,356,6.5,1.8,75.9,0
84,こめ［水稲穀粒］七分つき米,359,6.3,1.5,76.6,0
85,こめ［水稲穀粒］精白米うるち米,358,6.1,0.9,77.6,0
86,こめ［水稲穀粒］精白米もち米,359,6.4,1.2,77.2,0
87,こめ［水稲穀粒］精白米インディカ米,369,7.5,0.8,79.1,0
88,こめ［水稲穀粒］はいが精米,357,6.5,2,75.8,0
89,こめ［水稲穀粒］発芽玄米,356,6.5,3.3,74.3,0
90,こめ［水稲めし］玄米,165,2.8,1,35.6,0
91,こめ［水稲めし］半つき米,167,2.7,0.6,36.4,0
92,こめ［水稲めし］七分つき米,168,2.6,0.5,36.7,0
93,こめ［水稲めし］精白米うるち米,168,2.5,0.3,37.1,0
94,こめ［水稲めし］精白米もち米,202,3.5,0.5,43.9,0
95,こめ［水稲めし］はいが精米,167,2.7,0.6,36.4,0
96,こめ［水稲めし］発芽玄米,167,3,1.4,35,0
97,こめ［水稲全かゆ］玄米,70,1.2,0.4,15.2,0
98,こめ［水稲全かゆ］半つき米,71,1.1,0.3,15.5,0
99,こめ［水稲全かゆ］七分つき米,71,1.1,0.2,15.6,0
100,こめ［水稲全かゆ］精白米,71,1.1,0.1,15.7,0
101,こめ［水稲五分かゆ］玄米,35,0.6,0.2,7.6,0
102,こめ［水稲五分かゆ］半つき米,35,0.6,0.1,7.7,0
103,こめ［水稲五分かゆ］七分つき米,35,0.6,0.1,7.7,0
104,こめ［水稲五分かゆ］精白米,36,0.5,0.1,7.9,0
105,こめ［水稲おもゆ］玄米,20,0.4,0.1,4.4,0
106,こめ［水稲おもゆ］半つき米,21,0.3,0.1,4.6,0
107,こめ［水稲おもゆ］七分つき米,21,0.3,0.1,4.6,0
108,こめ［水稲おもゆ］精白米,21,0.3,0,4.7,0
109,こめ［陸稲穀粒］玄米,351,10.1,2.7,71.1,0
110,こめ［陸稲穀粒］半つき米,355,9.6,1.8,72.9,0
111,こめ［陸稲穀粒］七分つき米,358,9.5,1.5,73.4,0
112,こめ［陸稲穀粒］精白米,357,9.3,0.9,74.5,0
113,こめ［陸稲めし］玄米,164,4.1,1,34.3,0
114,こめ［陸稲めし］半つき米,166,3.8,0.6,35.3,0
115,こめ［陸稲めし］七分つき米,168,3.6,0.5,35.7,0
116,こめ［陸稲めし］精白米,168,3.5,0.3,36.1,0
117,こめ［うるち米製品］アルファ化米一般用,388,6,1,84.8,0
118,こめ［うるち米製品］アルファ化米学校給食用強化品,388,6,1,84.8,0
119,こめ［うるち米製品］おにぎり,179,2.7,0.3,39.4,0.5
120,こめ［うるち米製品］焼きおにぎり,181,3.1,0.3,39.5,1
121,こめ［うるち米製品］きりたんぽ,210,3.2,0.4,46.2,0
122,こめ［うるち米製品］上新粉,362,6.2,0.9,78.5,0
123,こめ［うるち米製品］玄米粉,395,7.1,2.9,84.1,0
124,こめ［うるち米製品］米粉,374,6,0.7,81.9,0
125,こめ［うるち米製品］米粉パン,255,3.4,3.1,51.3,0.9
126,こめ［うるち米製品］米粉めん,265,3.6,0.7,58.4,0.1
127,こめ［うるち米製品］ビーフン,377,7,1.6,79.9,0
128,こめ［うるち米製品］米こうじ,286,5.8,1.7,59.2,0
129,こめ［もち米製品］もち,234,4,0.6,50.8,0
130,こめ［もち米製品］赤飯,190,4.3,0.6,41.9,0
131,こめ［もち米製品］あくまき,132,2.3,1.8,25.7,0
132,こめ［もち米製品］白玉粉,369,6.3,1,80,0
133,こめ［もち米製品］道明寺粉,372,7.1,0.7,80.4,0
134,こめ［その他］米ぬか,412,13.4,19.6,48.8,0
135,そばそば粉全層粉,361,12,3.1,69.6,0
136,そばそば粉内層粉,359,6,1.6,77.6,0
137,そばそば粉中層粉,360,10.2,2.7,71.6,0
138,そばそば粉表層粉,358,15,3.6,65.1,0
139,そばそば米,364,9.6,2.5,73.7,0
140,そばそば生,274,9.8,1.9,54.5,0
141,そばそばゆで,132,4.8,1,26,0
142,そば干しそば乾,344,14,2.3,66.7,2.2
143,そば干しそばゆで,114,4.8,0.7,22.1,0.1
144,とうもろこし玄穀黄色種,350,8.6,5,70.6,0
145,とうもろこし玄穀白色種,350,8.6,5,70.6,0
146,とうもろこしコーンミール黄色種,363,8.3,4,72.4,0
147,とうもろこしコーンミール白色種,363,8.3,4,72.4,0
148,とうもろこしコーングリッツ黄色種,355,8.2,1,76.4,0
149,とうもろこしコーングリッツ白色種,355,8.2,1,76.4,0
150,とうもろこしコーンフラワー黄色種,363,6.6,2.8,76.1,0
151,とうもろこしコーンフラワー白色種,363,6.6,2.8,76.1,0
152,とうもろこしジャイアントコーンフライ味付け,435,5.7,11.8,76.6,1.1
153,とうもろこしポップコーン,484,10.2,22.8,59.6,1.4
154,とうもろこしコーンフレーク,381,7.8,1.7,83.6,2.1
155,はとむぎ精白粒,360,13.3,1.3,72.2,0
156,ひえ精白粒,366,9.4,3.3,73.2,0
157,もろこし玄穀,352,10.3,4.7,71.1,0
158,もろこし精白粒,364,9.5,2.6,74.1,0
159,ライむぎ全粒粉,334,12.7,2.7,70.7,0
160,ライむぎライ麦粉,351,8.5,1.6,75.8,0
161,穀類混合品五穀,357,12.6,2.8,70.2,0
162,＜いも類＞きくいも塊茎生,35,1.9,0.4,14.7,0
163,＜いも類＞きくいも塊茎水煮,28,1.6,0.5,11.3,0
164,＜いも類＞こんにゃく精粉,177,3,0.1,85.3,0
165,＜いも類＞こんにゃく板こんにゃく精粉こんにゃく,5,0.1,0,2.3,0
166,＜いも類＞こんにゃく板こんにゃく生いもこんにゃく,7,0.1,0.1,3.3,0
167,＜いも類＞こんにゃく赤こんにゃく,5,0.1,0,2.5,0
168,＜いも類＞こんにゃく凍みこんにゃく乾,167,3.3,1.4,77.1,0.1
169,＜いも類＞こんにゃく凍みこんにゃくゆで,36,0.7,0.3,16.8,0
170,＜いも類＞こんにゃくしらたき,6,0.2,0,3,0
171,＜いも類＞（さつまいも類）さつまいも塊根皮むき生,134,1.2,0.2,31.9,0
172,＜いも類＞（さつまいも類）さつまいも塊根皮むき蒸し,134,1.2,0.2,31.9,0
173,＜いも類＞（さつまいも類）さつまいも塊根皮むき焼き,163,1.4,0.2,39,0
174,＜いも類＞（さつまいも類）さつまいも塊根皮つき生,140,0.9,0.5,33.1,0.1
175,＜いも類＞（さつまいも類）さつまいも塊根皮つき蒸し,140,0.9,0.2,33.7,0.1
176,＜いも類＞（さつまいも類）さつまいも塊根皮つき天ぷら,221,1.4,6.8,38.4,0.1
177,＜いも類＞（さつまいも類）さつまいも蒸し切干,303,3.1,0.6,71.9,0
178,＜いも類＞（さつまいも類）むらさきいも塊根皮むき生,133,1.2,0.3,31.7,0.1
179,＜いも類＞（さつまいも類）むらさきいも塊根皮むき蒸し,132,1.2,0.3,31.4,0.1
180,＜いも類＞（さといも類）さといも球茎生,58,1.5,0.1,13.1,0
181,＜いも類＞（さといも類）さといも球茎水煮,59,1.5,0.1,13.4,0
182,＜いも類＞（さといも類）さといも球茎冷凍,72,2.2,0.1,16.1,0
183,＜いも類＞（さといも類）セレベス球茎生,89,2.2,0.3,19.8,0
184,＜いも類＞（さといも類）セレベス球茎水煮,85,2.1,0.3,19.1,0
185,＜いも類＞（さといも類）たけのこいも球茎生,103,1.7,0.4,23.5,0
186,＜いも類＞（さといも類）たけのこいも球茎水煮,96,1.6,0.4,21.8,0
187,＜いも類＞（さといも類）みずいも球茎生,117,0.7,0.4,27.6,0
188,＜いも類＞（さといも類）みずいも球茎水煮,110,0.7,0.4,26.1,0
189,＜いも類＞（さといも類）やつがしら球茎生,97,3,0.7,20.5,0
190,＜いも類＞（さといも類）やつがしら球茎水煮,93,2.7,0.6,20,0
191,＜いも類＞じゃがいも塊茎生,76,1.6,0.1,17.6,0
192,＜いも類＞じゃがいも塊茎蒸し,84,1.5,0.1,19.7,0
193,＜いも類＞じゃがいも塊茎水煮,73,1.5,0.1,16.8,0
194,＜いも類＞じゃがいもフライドポテト,237,2.9,10.6,32.4,0
195,＜いも類＞じゃがいも乾燥マッシュポテト,357,6.6,0.6,82.8,0.2
196,＜いも類＞ヤーコン塊根生,54,0.6,0.3,12.4,0
197,＜いも類＞ヤーコン塊根水煮,44,0.6,0.3,9.9,0
198,＜いも類＞（やまのいも類）ながいもいちょういも塊根生,108,4.5,0.5,22.6,0
199,＜いも類＞（やまのいも類）ながいもながいも塊根生,65,2.2,0.3,13.9,0
200,＜いも類＞（やまのいも類）ながいもながいも塊根水煮,59,2,0.3,12.6,0
201,＜いも類＞（やまのいも類）ながいもやまといも塊根生,123,4.5,0.2,27.1,0
202,＜いも類＞（やまのいも類）じねんじょ塊根生,121,2.8,0.7,26.7,0
203,＜いも類＞（やまのいも類）だいじょ塊根生,109,2.6,0.1,25,0.1
204,＜でん粉・でん粉製品＞（でん粉類）キャッサバでん粉,346,0.1,0.2,85.3,0
205,＜でん粉・でん粉製品＞（でん粉類）くずでん粉,347,0.2,0.2,85.6,0
206,＜でん粉・でん粉製品＞（でん粉類）米でん粉,366,0.2,0.7,89.3,0
207,＜でん粉・でん粉製品＞（でん粉類）小麦でん粉,351,0.2,0.5,86,0
208,＜でん粉・でん粉製品＞（でん粉類）サゴでん粉,349,0.1,0.2,86.1,0
209,＜でん粉・でん粉製品＞（でん粉類）さつまいもでん粉,332,0.1,0.2,82,0
210,＜でん粉・でん粉製品＞（でん粉類）じゃがいもでん粉,330,0.1,0.1,81.6,0
211,＜でん粉・でん粉製品＞（でん粉類）とうもろこしでん粉,354,0.1,0.7,86.3,0
212,＜でん粉・でん粉製品＞（でん粉製品）くずきり乾,356,0.2,0.2,87.7,0
213,＜でん粉・でん粉製品＞（でん粉製品）くずきりゆで,135,0.1,0.1,33.3,0
214,＜でん粉・でん粉製品＞（でん粉製品）ごま豆腐,81,1.5,4.3,9.1,0
215,＜でん粉・でん粉製品＞（でん粉製品）タピオカパール乾,355,0,0.2,87.8,0
216,＜でん粉・でん粉製品＞（でん粉製品）タピオカパールゆで,62,0,0,15.4,0
217,＜でん粉・でん粉製品＞（でん粉製品）でん粉めん生,131,0.1,0.2,32.2,0
218,＜でん粉・でん粉製品＞（でん粉製品）でん粉めん乾,353,0.2,0.3,86.7,0.1
219,＜でん粉・でん粉製品＞（でん粉製品）でん粉めん乾ゆで,84,0,0.2,20.6,0
220,＜でん粉・でん粉製品＞（でん粉製品）はるさめ緑豆はるさめ乾,356,0.2,0.4,87.5,0
221,＜でん粉・でん粉製品＞（でん粉製品）はるさめ緑豆はるさめゆで,84,0,0.1,20.6,0
222,＜でん粉・でん粉製品＞（でん粉製品）はるさめ普通はるさめ乾,350,0,0.2,86.6,0
223,＜でん粉・でん粉製品＞（でん粉製品）はるさめ普通はるさめゆで,80,0,0,19.9,0
224,（砂糖類）黒砂糖,354,1.7,0,89.7,0.1
225,（砂糖類）和三盆糖,383,0.2,0,98.8,0
226,（砂糖類）車糖上白糖,384,0,0,99.2,0
227,（砂糖類）車糖三温糖,382,0,0,98.7,0
228,（砂糖類）ざらめ糖グラニュー糖,387,0,0,100,0
229,（砂糖類）ざらめ糖白ざら糖,387,0,0,100,0
230,（砂糖類）ざらめ糖中ざら糖,387,0,0,100,0
231,（砂糖類）加工糖角砂糖,387,0,0,100,0
232,（砂糖類）加工糖氷砂糖,387,0,0,100,0
233,（砂糖類）加工糖コーヒーシュガー,387,0.1,0,99.9,0
234,（砂糖類）加工糖粉糖,386,0,0,99.7,0
235,（砂糖類）液糖しょ糖型液糖,271,0,0,70,0
236,（砂糖類）液糖転化型液糖,307,0,0,79.3,0
237,（砂糖類）氷糖みつ,265,0.2,0,68.2,0
238,（でん粉糖類）粉あめ,381,0,0,97,0
239,（でん粉糖類）水あめ酵素糖化,328,0,0,85,0
240,（でん粉糖類）水あめ酸糖化,328,0,0,85,0
241,（でん粉糖類）ぶどう糖全糖,335,0,0,91,0
242,（でん粉糖類）ぶどう糖含水結晶,336,0,0,91.3,0
243,（でん粉糖類）ぶどう糖無水結晶,367,0,0,99.7,0
244,（でん粉糖類）果糖,368,0,0,99.9,0
245,（でん粉糖類）異性化液糖ぶどう糖果糖液糖,276,0,0,75,0
246,（でん粉糖類）異性化液糖果糖ぶどう糖液糖,276,0,0,75,0
247,（でん粉糖類）異性化液糖高果糖液糖,276,0,0,75,0
248,（その他）黒蜜,199,1,0,50.5,0
249,（その他）はちみつ,294,0.2,0,79.7,0
250,（その他）メープルシロップ,257,0.1,0,66.3,0
251,あずき全粒乾,339,20.3,2.2,58.7,0
252,あずき全粒ゆで,143,8.9,1,24.2,0
253,あずきゆで小豆缶詰,218,4.4,0.4,49.2,0.2
254,あずきあんこしあん,155,9.8,0.6,27.1,0
255,あずきあんさらしあん,385,26.2,1,66.8,0
256,あずきあんつぶしあん,244,5.6,0.6,54,0.1
257,いんげんまめ全粒乾,333,19.9,2.2,57.8,0
258,いんげんまめ全粒ゆで,143,8.5,1,24.8,0
259,いんげんまめうずら豆,237,6.7,1.3,49.6,0.3
260,いんげんまめこしあん,155,9.4,0.9,27,0
261,いんげんまめ豆きんとん,249,4.9,0.5,56.2,0.3
262,えんどう全粒青えんどう乾,352,21.7,2.3,60.4,0
263,えんどう全粒赤えんどう乾,352,21.7,2.3,60.4,0
264,えんどう全粒青えんどうゆで,148,9.2,1,25.2,0
265,えんどう全粒赤えんどうゆで,148,9.2,1,25.2,0
266,えんどうグリンピース（揚げ豆）,423,20.8,11.6,58.8,0.9
267,えんどう塩豆,364,23.3,2.4,61.5,1.5
268,えんどううぐいす豆,240,5.6,0.7,52.9,0.4
269,ささげ全粒乾,336,23.9,2,55,0
270,ささげ全粒ゆで,145,10.2,0.9,23.8,0
271,そらまめ全粒乾,348,26,2,55.9,0
272,そらまめフライビーンズ,472,24.7,20.8,46.4,1.8
273,そらまめおたふく豆,251,7.9,1.2,52.2,0.4
274,そらまめふき豆,263,9.6,1.6,52.5,0.8
275,そらまめしょうゆ豆,196,9.8,0.9,37.1,1.2
276,だいず［全粒・全粒製品］全粒国産黄大豆乾,422,33.8,19.7,29.5,0
277,だいず［全粒・全粒製品］全粒国産黒大豆乾,414,33.9,18.1,30.8,0
278,だいず［全粒・全粒製品］全粒国産黄大豆ゆで,176,14.8,9.8,8.4,0
279,だいず［全粒・全粒製品］全粒米国産黄大豆乾,433,33,21.7,28.8,0
280,だいず［全粒・全粒製品］全粒中国産黄大豆乾,422,32.8,19.5,30.8,0
281,だいず［全粒・全粒製品］全粒ブラジル産黄大豆乾,451,33.6,22.6,30.7,0
282,だいず［全粒・全粒製品］いり大豆黄大豆,439,37.5,21.6,33.3,0
283,だいず［全粒・全粒製品］いり大豆黒大豆,442,36.4,22,34.3,0
284,だいず［全粒・全粒製品］いり大豆青大豆,435,37.7,20.7,33.9,0
285,だいず［全粒・全粒製品］水煮缶詰黄大豆,140,12.9,6.7,7.7,0.5
286,だいず［全粒・全粒製品］蒸し大豆黄大豆,205,16.6,9.8,13.8,0.6
287,だいず［全粒・全粒製品］きな粉全粒大豆黄大豆,450,36.7,25.7,28.5,0
288,だいず［全粒・全粒製品］きな粉全粒大豆青大豆,431,37,22.8,29.3,0
289,だいず［全粒・全粒製品］きな粉脱皮大豆黄大豆,451,37.5,25.1,29.5,0
290,だいず［全粒・全粒製品］大豆はいが,442,37.8,14.7,39.5,0
291,だいず［全粒・全粒製品］ぶどう豆,289,14.1,9.4,37,1.6
292,だいず［豆腐・油揚げ類］木綿豆腐,72,6.6,4.2,1.6,0.1
293,だいず［豆腐・油揚げ類］絹ごし豆腐,56,4.9,3,2,0
294,だいず［豆腐・油揚げ類］ソフト豆腐,59,5.1,3.3,2,0
295,だいず［豆腐・油揚げ類］充てん豆腐,59,5,3.1,2.5,0
296,だいず［豆腐・油揚げ類］沖縄豆腐,106,9.1,7.2,0.7,0.4
297,だいず［豆腐・油揚げ類］ゆし豆腐,50,4.3,2.8,1.7,0.6
298,だいず［豆腐・油揚げ類］焼き豆腐,88,7.8,5.7,1,0
299,だいず［豆腐・油揚げ類］生揚げ,150,10.7,11.3,0.9,0
300,だいず［豆腐・油揚げ類］油揚げ生,410,23.4,34.4,0.4,0
301,だいず［豆腐・油揚げ類］油揚げ油抜き生,288,18.2,23.4,0,0
302,だいず［豆腐・油揚げ類］油揚げ油抜き焼き,398,24.9,32.2,0.7,0
303,だいず［豆腐・油揚げ類］油揚げ油抜きゆで,177,12.4,13.8,0.3,0
304,だいず［豆腐・油揚げ類］がんもどき,228,15.3,17.8,1.6,0.5
305,だいず［豆腐・油揚げ類］凍り豆腐乾,536,50.5,34.1,4.2,1.1
306,だいず［豆腐・油揚げ類］凍り豆腐水煮,115,10.7,7.3,1.1,0.7
307,だいず［豆腐・油揚げ類］豆腐よう,189,9.5,8.3,19.1,1.9
308,だいず［豆腐・油揚げ類］豆腐竹輪蒸し,126,14.9,4.4,6.7,1.9
309,だいず［豆腐・油揚げ類］豆腐竹輪焼き,139,16.1,4.9,7.5,2.3
310,だいず［豆腐・油揚げ類］ろくじょう豆腐,347,34.7,21.5,3.8,11
311,だいず［納豆類］糸引き納豆,200,16.5,10,12.1,0
312,だいず［納豆類］挽きわり納豆,194,16.6,10,10.5,0
313,だいず［納豆類］五斗納豆,227,15.3,8.1,24,5.8
314,だいず［納豆類］寺納豆,271,18.6,8.1,31.5,14.2
315,だいず［その他］おから生,111,6.1,3.6,13.8,0
316,だいず［その他］おから乾燥,421,23.1,13.6,52.3,0
317,だいず［その他］豆乳豆乳,46,3.6,2,3.1,0
318,だいず［その他］豆乳調製豆乳,64,3.2,3.6,4.8,0.1
319,だいず［その他］豆乳豆乳飲料・麦芽コーヒー,60,2.2,2.2,7.8,0.1
320,だいず［その他］大豆たんぱく粒状大豆たんぱく,360,46.3,3,36.7,0
321,だいず［その他］大豆たんぱく濃縮大豆たんぱく,361,58.2,1.7,27.9,1.4
322,だいず［その他］大豆たんぱく分離大豆たんぱく塩分無調整タイプ,388,79.1,3,7.5,3.3
323,だいず［その他］大豆たんぱく分離大豆たんぱく塩分調整タイプ,388,79.1,3,7.5,1.6
324,だいず［その他］大豆たんぱく繊維状大豆たんぱく,383,59.3,5,25.2,3.6
325,だいず［その他］湯葉生,231,21.8,13.7,4.1,0
326,だいず［その他］湯葉干し乾,530,50.4,32.1,7.2,0
327,だいず［その他］湯葉干し湯戻し,161,15.7,10.6,0.1,0
328,だいず［その他］金山寺みそ,256,6.9,3.2,50,5.1
329,だいず［その他］ひしおみそ,206,6.5,2.7,38.8,4.8
330,だいず［その他］テンペ,202,15.8,9,15.4,0
331,つるあずき全粒乾,348,20.8,1.6,61.8,0
332,つるあずき全粒ゆで,159,9.7,1,27.5,0
333,ひよこまめ全粒乾,374,20,5.2,61.5,0
334,ひよこまめ全粒ゆで,171,9.5,2.5,27.4,0
335,ひよこまめ全粒フライ味付け,419,18.8,10.4,62.6,1.8
336,べにばないんげん全粒乾,332,17.2,1.7,61.2,0
337,べにばないんげん全粒ゆで,121,6.2,0.6,22.3,0
338,らいまめ全粒乾,351,21.9,1.8,60.8,0
339,らいまめ全粒ゆで,152,9.6,0.9,26,0
340,りょくとう全粒乾,354,25.1,1.5,59.1,0
341,りょくとう全粒ゆで,137,10.2,0.6,22.5,0
342,レンズまめ全粒乾,352,23.2,1.5,60.7,0
343,レンズまめ全粒ゆで,170,11.2,0.8,29.1,0
344,アーモンド乾,587,19.6,51.8,20.9,0
345,アーモンドフライ味付け,606,19.2,53.6,22.3,0.3
346,アーモンドいり無塩,608,20.3,54.1,20.7,0
347,あさ乾,463,29.5,27.9,31.3,0
348,あまにいり,564,21.9,43.5,30.5,0.2
349,えごま乾,544,17.7,43.4,29.4,0
350,カシューナッツフライ味付け,576,19.8,47.6,26.7,0.6
351,かぼちゃいり味付け,574,26.5,51.8,12,0.1
352,かやいり,665,8.7,64.9,22.6,0
353,ぎんなん生,171,4.7,1.6,34.8,0
354,ぎんなんゆで,174,4.6,1.5,35.8,0
355,（くり類）日本ぐり生,164,2.8,0.5,36.9,0
356,（くり類）日本ぐりゆで,167,3.5,0.6,36.7,0
357,（くり類）日本ぐり甘露煮,238,1.8,0.4,56.8,0
358,（くり類）中国ぐり甘ぐり,222,4.9,0.9,48.5,0
359,くるみいり,674,14.6,68.8,11.7,0
360,けし乾,567,19.3,49.1,21.8,0
361,ココナッツココナッツパウダー,668,6.1,65.8,23.7,0
362,ごま乾,578,19.8,51.9,18.4,0
363,ごまいり,599,20.3,54.2,18.5,0
364,ごまむき,603,19.3,54.9,18.8,0
365,ごまねり,605,20.5,54.7,18.7,0
366,しい生,252,3.2,0.8,57.6,0
367,すいかいり味付け,546,29.6,46.4,13.4,1.5
368,とち蒸し,161,1.7,1.9,34.2,0.6
369,はす未熟生,85,5.9,0.5,14.9,0
370,はす成熟乾,344,18.3,2.3,64.3,0
371,はす成熟ゆで,133,7.3,0.8,25,0
372,ひし生,190,5.8,0.5,40.6,0
373,ピスタチオいり味付け,615,17.4,56.1,20.9,0.7
374,ひまわりフライ味付け,611,20.1,56.3,17.2,0.6
376,ブラジルナッツフライ味付け,669,14.9,69.1,9.6,0.2
377,ヘーゼルナッツフライ味付け,684,13.6,69.3,13.9,0.1
379,ペカンフライ味付け,702,9.6,73.4,13.3,0.4
380,マカダミアナッツいり味付け,720,8.3,76.7,12.2,0.5
381,まつ生,669,15.8,68.2,10.6,0
382,まついり,690,14.6,72.5,8.1,0
383,らっかせい乾大粒種,562,25.4,47.5,18.8,0
384,らっかせい乾小粒種,562,25.4,47.5,18.8,0
385,らっかせいいり大粒種,585,26.5,49.4,19.6,0
386,らっかせいいり小粒種,585,26.5,49.4,19.6,0
387,らっかせいバターピーナッツ,592,25.5,51.3,18.2,0.3
388,らっかせいピーナッツバター,640,25.4,50.7,20.5,0.9
389,アーティチョーク花らい生,48,2.3,0.2,11.3,0.1
390,アーティチョーク花らいゆで,45,2.1,0.1,10.8,0
391,あさつき葉生,33,4.2,0.3,5.6,0
392,あさつき葉ゆで,39,4.2,0.3,7.3,0
393,あしたば茎葉生,33,3.3,0.1,6.7,0.2
394,あしたば茎葉ゆで,31,2.9,0.1,6.6,0.1
395,アスパラガス若茎生,22,2.6,0.2,3.9,0
396,アスパラガス若茎ゆで,24,2.6,0.1,4.6,0
397,アスパラガス若茎油いため,57,2.9,3.9,4.1,0
398,アスパラガス水煮缶詰,22,2.4,0.1,4.3,0.9
399,アロエ葉生,3,0,0.1,0.7,0
400,いんげんまめさやいんげん若ざや生,23,1.8,0.1,5.1,0
401,いんげんまめさやいんげん若ざやゆで,26,1.8,0.2,5.5,0
402,（うど類）うど茎生,18,0.8,0.1,4.3,0
403,（うど類）うど茎水さらし,14,0.6,0,3.4,0
404,（うど類）やまうど茎生,19,1.1,0.1,4.3,0
405,えだまめ生,135,11.7,6.2,8.8,0
406,えだまめゆで,134,11.5,6.1,8.9,0
407,えだまめ冷凍,159,13,7.6,10.6,0
408,エンダイブ葉生,15,1.2,0.2,2.9,0.1
409,（えんどう類）トウミョウ茎葉生,27,3.8,0.4,4,0
410,（えんどう類）トウミョウ芽ばえ生,24,3.8,0.4,3.2,0
411,（えんどう類）トウミョウ芽ばえゆで,27,3.6,0.6,3.8,0
412,（えんどう類）トウミョウ芽ばえ油いため,82,5,5.9,4.3,0
413,（えんどう類）さやえんどう若ざや生,36,3.1,0.2,7.5,0
414,（えんどう類）さやえんどう若ざやゆで,34,3.2,0.2,7,0
415,（えんどう類）スナップえんどう若ざや生,43,2.9,0.1,9.9,0
416,（えんどう類）グリンピース生,93,6.9,0.4,15.3,0
417,（えんどう類）グリンピースゆで,110,8.3,0.2,18.5,0
418,（えんどう類）グリンピース冷凍,98,5.6,0.7,17.2,0.2
419,（えんどう類）グリンピース水煮缶詰,98,3.6,0.4,19.7,0.8
420,おおさかしろな葉生,13,1.4,0.2,2.2,0.1
421,おおさかしろな葉ゆで,17,1.6,0.3,3.1,0.1
422,おおさかしろな塩漬,22,1.3,0.3,4.5,1.6
423,おかひじき茎葉生,17,1.4,0.2,3.4,0.1
424,おかひじき茎葉ゆで,17,1.2,0.1,3.8,0.2
425,オクラ果実生,30,2.1,0.2,6.6,0
426,オクラ果実ゆで,33,2.1,0.1,7.6,0
427,かぶ葉生,20,2.3,0.1,3.9,0.1
428,かぶ葉ゆで,22,2.3,0.1,4.4,0
429,かぶ根皮つき生,20,0.7,0.1,4.6,0
430,かぶ根皮つきゆで,21,0.7,0.1,4.7,0
431,かぶ根皮むき生,21,0.6,0.1,4.8,0
432,かぶ根皮むきゆで,22,0.6,0.1,5,0
433,かぶ漬物塩漬葉,29,2.3,0.2,6,2.3
434,かぶ漬物塩漬根皮つき,23,1,0.2,4.9,2.8
435,かぶ漬物塩漬根皮むき,21,0.8,0.1,4.7,4.3
436,かぶ漬物ぬかみそ漬葉,34,3.3,0.1,7.1,3.8
437,かぶ漬物ぬかみそ漬根皮つき,28,1.5,0.1,5.9,2.2
438,かぶ漬物ぬかみそ漬根皮むき,31,1.4,0.1,6.9,6.9
439,（かぼちゃ類）日本かぼちゃ果実生,49,1.6,0.1,10.9,0
440,（かぼちゃ類）日本かぼちゃ果実ゆで,60,1.9,0.1,13.3,0
441,（かぼちゃ類）西洋かぼちゃ果実生,91,1.9,0.3,20.6,0
442,（かぼちゃ類）西洋かぼちゃ果実ゆで,93,1.6,0.3,21.3,0
443,（かぼちゃ類）西洋かぼちゃ果実焼き,122,2.5,0.4,27.7,0
444,（かぼちゃ類）西洋かぼちゃ果実冷凍,83,2.2,0.3,18.5,0
445,（かぼちゃ類）そうめんかぼちゃ果実生,24,0.7,0.1,6.1,0
446,からしな葉生,26,3.3,0.1,4.7,0.2
447,からしな塩漬,36,4,0.1,7.2,2.5
448,カリフラワー花序生,27,3,0.1,5.2,0
449,カリフラワー花序ゆで,26,2.7,0.1,5.1,0
450,かんぴょう乾,260,6.3,0.2,68.1,0
451,かんぴょうゆで,28,0.7,0,7.2,0
452,きく花びら生,27,1.4,0,6.5,0
453,きく花びらゆで,23,1,0,5.7,0
454,きく菊のり,292,11.6,0.2,73.5,0
455,（キャベツ類）キャベツ結球葉生,23,1.3,0.2,5.2,0
456,（キャベツ類）キャベツ結球葉ゆで,20,0.9,0.2,4.6,0
457,（キャベツ類）キャベツ結球葉油いため,81,1.6,6,5.9,0
458,（キャベツ類）グリーンボール結球葉生,20,1.4,0.1,4.3,0
459,（キャベツ類）レッドキャベツ結球葉生,30,2,0.1,6.7,0
460,きゅうり果実生,14,1,0.1,3,0
461,きゅうり漬物塩漬,16,1,0.1,3.7,2.5
462,きゅうり漬物しょうゆ漬,50,3.2,0.4,10.8,4.1
463,きゅうり漬物ぬかみそ漬,27,1.5,0.1,6.2,5.3
464,きゅうり漬物ピクルススイート型,67,0.3,0.1,18.3,1.1
465,きゅうり漬物ピクルスサワー型,12,1.4,0,2.5,2.5
466,ぎょうじゃにんにく葉生,34,3.5,0.2,6.6,0
467,キンサイ茎葉生,19,1.1,0.4,3.5,0.1
468,キンサイ茎葉ゆで,19,1.1,0.4,3.5,0.1
469,クレソン茎葉生,15,2.1,0.1,2.5,0.1
470,くわい塊茎生,126,6.3,0.1,26.6,0
471,くわい塊茎ゆで,128,6.2,0.1,27.2,0
472,ケール葉生,28,2.1,0.4,5.6,0
473,コールラビ球茎生,21,1,0,5.1,0
474,コールラビ球茎ゆで,21,1,0,5.2,0
475,こごみ若芽生,28,3,0.2,5.3,0
476,ごぼう根生,65,1.8,0.1,15.4,0
477,ごぼう根ゆで,58,1.5,0.2,13.7,0
478,こまつな葉生,14,1.5,0.2,2.4,0
479,こまつな葉ゆで,15,1.6,0.1,3,0
480,ザーサイ漬物,23,2.5,0.1,4.6,13.7
481,さんとうさい葉生,14,1,0.2,2.7,0
482,さんとうさい葉ゆで,16,1.4,0.3,2.9,0
483,さんとうさい塩漬,20,1.5,0.3,4,2.3
484,しかくまめ若ざや生,20,2.4,0.1,3.8,0
485,ししとう果実生,27,1.9,0.3,5.7,0
486,ししとう果実油いため,55,1.9,3.2,5.8,0
487,しそ葉生,37,3.9,0.1,7.5,0
488,しそ実生,41,3.4,0.1,8.9,0
489,じゅうろくささげ若ざや生,24,2.5,0.1,4.8,0
490,じゅうろくささげ若ざやゆで,30,2.8,0.1,6.2,0
491,しゅんぎく葉生,22,2.3,0.3,3.9,0.2
492,しゅんぎく葉ゆで,27,2.7,0.5,4.5,0.1
493,じゅんさい若葉水煮びん詰,5,0.4,0,1,0
494,（しょうが類）葉しょうが根茎生,11,0.5,0.2,2.1,0
495,（しょうが類）しょうが根茎生,30,0.9,0.3,6.6,0
496,（しょうが類）しょうが漬物酢漬,19,0.2,0.4,4,7.1
497,（しょうが類）しょうが漬物甘酢漬,51,0.2,0.3,12.5,3
498,しろうり果実生,15,0.9,0.1,3.3,0
499,しろうり漬物塩漬,16,1,0.1,3.7,2
500,しろうり漬物奈良漬,157,4.5,0.1,40.8,4.3
501,ずいき生ずいき生,16,0.5,0,4.1,0
502,ずいき生ずいきゆで,12,0.4,0,3.1,0
503,ずいき干しずいき乾,246,6.6,0.4,63.5,0
504,ずいき干しずいきゆで,13,0.5,0,3.4,0
505,すぐきな葉生,26,1.9,0.2,5.4,0.1
506,すぐきな根生,21,0.6,0.1,4.7,0.1
507,すぐきなすぐき漬,34,2.6,0.7,6.1,2.2
508,ズッキーニ果実生,14,1.3,0.1,2.8,0
509,せり茎葉生,17,2,0.1,3.3,0
510,せり茎葉ゆで,18,2.1,0.1,3.4,0
511,セロリ葉柄生,15,0.4,0.1,3.6,0.1
512,ぜんまい生ぜんまい若芽生,29,1.7,0.1,6.6,0
513,ぜんまい生ぜんまい若芽ゆで,21,1.1,0.4,4.1,0
514,ぜんまい干しぜんまい干し若芽乾,293,14.6,0.6,70.8,0.1
515,ぜんまい干しぜんまい干し若芽ゆで,29,1.7,0.1,6.8,0
516,そらまめ未熟豆生,108,10.9,0.2,15.5,0
517,そらまめ未熟豆ゆで,112,10.5,0.2,16.9,0
518,タアサイ葉生,13,1.3,0.2,2.2,0.1
519,タアサイ葉ゆで,13,1.1,0.2,2.3,0.1
520,（だいこん類）かいわれだいこん芽ばえ生,21,2.1,0.5,3.3,0
521,（だいこん類）葉だいこん葉生,18,2,0.2,3.3,0.1
522,（だいこん類）だいこん葉生,25,2.2,0.1,5.3,0.1
523,（だいこん類）だいこん葉ゆで,25,2.2,0.1,5.4,0.1
524,（だいこん類）だいこん根皮つき生,18,0.5,0.1,4.1,0
525,（だいこん類）だいこん根皮つきゆで,18,0.4,0,4.5,0
526,（だいこん類）だいこん根皮むき生,18,0.4,0.1,4.1,0
527,（だいこん類）だいこん根皮むきゆで,18,0.5,0.1,4,0
528,（だいこん類）切干しだいこん乾,301,9.7,0.8,69.7,0.5
529,（だいこん類）切干しだいこんゆで,19,0.9,0.1,4.1,0
530,（だいこん類）切干しだいこん油いため,88,1.5,6,7.6,0
531,（だいこん類）漬物ぬかみそ漬,30,1.3,0.1,6.7,3.8
532,（だいこん類）漬物たくあん漬塩押しだいこん漬,64,1.2,0.3,15.2,4.3
533,（だいこん類）漬物たくあん漬干しだいこん漬,27,1.9,0.1,5.5,2.5
534,（だいこん類）漬物守口漬,187,5.3,0.2,44.3,3.6
535,（だいこん類）漬物べったら漬,57,0.9,0.1,14,3
536,（だいこん類）漬物みそ漬,78,4.5,0.3,16.3,11.2
537,（だいこん類）漬物福神漬,136,2.7,0.1,33.3,5.1
538,（たいさい類）つまみな葉生,20,1.9,0.3,3.6,0.1
539,（たいさい類）たいさい葉生,16,0.9,0.1,3.5,0.1
540,（たいさい類）たいさい塩漬,20,1.6,0.1,4.3,1.8
541,たかな葉生,21,1.8,0.2,4.2,0.1
542,たかなたかな漬,33,2.8,0.2,7,5.8
543,たけのこ若茎生,26,3.6,0.2,4.3,0
544,たけのこ若茎ゆで,30,3.5,0.2,5.5,0
545,たけのこ水煮缶詰,23,2.7,0.2,4,0
546,たけのこめんま塩蔵塩抜き,19,1,0.5,3.6,0.9
547,（たまねぎ類）たまねぎりん茎生,37,1,0.1,8.8,0
548,（たまねぎ類）たまねぎりん茎水さらし,26,0.6,0.1,6.1,0
549,（たまねぎ類）たまねぎりん茎ゆで,31,0.8,0.1,7.3,0
550,（たまねぎ類）たまねぎりん茎油いため,105,1.4,5.9,12,0
551,（たまねぎ類）赤たまねぎりん茎生,38,0.9,0.1,9,0
552,（たまねぎ類）葉たまねぎりん茎及び葉生,37,1.8,0.4,7.6,0
553,たらのめ若芽生,27,4.2,0.2,4.3,0
554,たらのめ若芽ゆで,26,4,0.2,4.1,0
555,チコリ若芽生,16,1,0,3.9,0
556,チンゲンサイ葉生,9,0.6,0.1,2,0.1
557,チンゲンサイ葉ゆで,12,0.9,0.1,2.4,0.1
558,チンゲンサイ葉油いため,39,0.8,3.2,2.2,0.1
559,つくし胞子茎生,38,3.5,0.1,8.1,0
560,つくし胞子茎ゆで,33,3.4,0.1,6.7,0
561,つるな茎葉生,15,1.8,0.1,2.8,0
562,つるむらさき茎葉生,13,0.7,0.2,2.6,0
563,つるむらさき茎葉ゆで,15,0.9,0.2,3.2,0
564,つわぶき葉柄生,21,0.4,0,5.6,0.3
565,つわぶき葉柄ゆで,16,0.3,0,4.4,0.1
566,とうがらし葉･果実生,35,3.4,0.1,7.2,0
567,とうがらし葉･果実油いため,85,4,4.9,8.5,0
568,とうがらし果実生,96,3.9,3.4,16.3,0
569,とうがらし果実乾,345,14.7,12,58.4,0
570,とうがん果実生,16,0.5,0.1,3.8,0
571,とうがん果実ゆで,16,0.6,0.1,3.7,0
572,（とうもろこし類）スイートコーン未熟種子生,92,3.6,1.7,16.8,0
573,（とうもろこし類）スイートコーン未熟種子ゆで,99,3.5,1.7,18.6,0
574,（とうもろこし類）スイートコーン未熟種子電子レンジ調理,107,4.2,2.2,19.1,0
575,（とうもろこし類）スイートコーン未熟種子穂軸つき冷凍,97,3.5,1.5,18.7,0
576,（とうもろこし類）スイートコーン未熟種子カーネル冷凍,99,2.9,1.5,19.4,0
577,（とうもろこし類）スイートコーン缶詰クリームスタイル,84,1.7,0.5,18.6,0.7
578,（とうもろこし類）スイートコーン缶詰ホールカーネルスタイル,82,2.3,0.5,17.8,0.5
579,（とうもろこし類）ヤングコーン幼雌穂生,29,2.3,0.2,6,0
580,（トマト類）トマト果実生,19,0.7,0.1,4.7,0
581,（トマト類）ミニトマト果実生,29,1.1,0.1,7.2,0
582,（トマト類）缶詰ホール食塩無添加,20,0.9,0.2,4.4,0
583,（トマト類）缶詰トマトジュース食塩添加,17,0.7,0.1,4,0.3
584,（トマト類）缶詰トマトジュース食塩無添加,17,0.7,0.1,4,0
585,（トマト類）缶詰ミックスジュース食塩添加,17,0.6,0,4.3,0.2
586,（トマト類）缶詰ミックスジュース食塩無添加,17,0.6,0,4.3,0
587,トレビス葉生,18,1.1,0.2,3.9,0
588,とんぶりゆで,90,6.1,3.5,12.9,0
589,ながさきはくさい葉生,13,1.3,0.1,2.6,0.1
590,ながさきはくさい葉ゆで,18,2.2,0.1,3.4,0
591,（なす類）なす果実生,22,1.1,0.1,5.1,0
592,（なす類）なす果実ゆで,19,1,0.1,4.5,0
593,（なす類）なす果実油いため,79,1.5,5.8,6.3,0
594,（なす類）なす果実天ぷら,180,1.6,14,12,0.1
595,（なす類）べいなす果実生,22,1.1,0.1,5.3,0
596,（なす類）べいなす果実素揚げ,183,1,17,6.7,0
597,（なす類）漬物塩漬,23,1.4,0.1,5.2,2.2
598,（なす類）漬物ぬかみそ漬,27,1.7,0.1,6.1,2.5
599,（なす類）漬物こうじ漬,79,5.5,0.1,18.2,6.6
600,（なす類）漬物からし漬,118,2.6,0.2,30.7,4.8
601,（なす類）漬物しば漬,30,1.4,0.2,7,4.1
602,なずな葉生,36,4.3,0.1,7,0
603,（なばな類）和種なばな花らい・茎生,33,4.4,0.2,5.8,0
604,（なばな類）和種なばな花らい・茎ゆで,28,4.7,0.1,4.3,0
605,（なばな類）洋種なばな茎葉生,35,4.1,0.4,6,0
606,（なばな類）洋種なばな茎葉ゆで,31,3.6,0.4,5.3,0
607,にがうり果実生,17,1,0.1,3.9,0
608,にがうり果実油いため,50,1.2,3.3,4.6,0
609,（にら類）にら葉生,21,1.7,0.3,4,0
610,（にら類）にら葉ゆで,31,2.6,0.5,5.7,0
611,（にら類）にら葉油いため,74,1.9,5.7,4.9,0
612,（にら類）花にら花茎・花らい生,27,1.9,0.2,5.9,0
613,（にら類）黄にら葉生,18,2.1,0.1,3.3,0
614,（にんじん類）葉にんじん葉生,18,1.1,0.2,3.7,0.1
615,（にんじん類）にんじん根皮つき生,39,0.7,0.2,9.3,0.1
616,（にんじん類）にんじん根皮つきゆで,36,0.6,0.2,8.4,0.1
617,（にんじん類）にんじん根皮むき生,36,0.8,0.1,8.7,0.1
618,（にんじん類）にんじん根皮むきゆで,36,0.7,0.1,8.5,0.1
619,（にんじん類）にんじん根皮むき油いため,109,1.1,6.4,12.4,0.1
620,（にんじん類）にんじん根皮むき素揚げ,89,1,3.5,13.9,0.1
621,（にんじん類）にんじん根皮生,31,0.7,0.2,7.3,0
622,（にんじん類）にんじん根冷凍,35,0.8,0.2,8.2,0.2
623,（にんじん類）にんじんグラッセ,66,0.7,1.4,12.7,1
624,（にんじん類）にんじんジュース缶詰,28,0.6,0.1,6.7,0
625,（にんじん類）きんとき根皮つき生,44,1.8,0.2,9.6,0
626,（にんじん類）きんとき根皮つきゆで,42,1.9,0.2,9.2,0
627,（にんじん類）きんとき根皮むき生,45,1.8,0.3,9.7,0
628,（にんじん類）きんとき根皮むきゆで,45,1.9,0.4,9.6,0
629,（にんじん類）ミニキャロット根生,32,0.7,0.2,7.5,0
630,（にんにく類）にんにくりん茎生,136,6.4,0.9,27.5,0
631,（にんにく類）にんにくりん茎油いため,199,8.2,5.9,30.6,0
632,（にんにく類）茎にんにく花茎生,45,1.9,0.3,10.6,0
633,（にんにく類）茎にんにく花茎ゆで,44,1.7,0.2,10.7,0
634,（ねぎ類）根深ねぎ葉軟白生,34,1.4,0.1,8.3,0
635,（ねぎ類）根深ねぎ葉軟白ゆで,28,1.3,0.1,6.8,0
636,（ねぎ類）根深ねぎ葉軟白油いため,78,1.6,4.4,9.5,0
637,（ねぎ類）葉ねぎ葉生,30,1.9,0.3,6.5,0
638,（ねぎ類）葉ねぎ葉油いため,81,2.1,5.2,7.9,0
639,（ねぎ類）こねぎ葉生,27,2,0.3,5.4,0
640,のざわな葉生,16,0.9,0.1,3.5,0.1
641,のざわな漬物塩漬,18,1.2,0.1,4.1,1.5
642,のざわな漬物調味漬,23,1.7,0,5.4,2.4
643,のびるりん茎葉生,65,3.2,0.2,15.5,0
644,はくさい結球葉生,14,0.8,0.1,3.2,0
645,はくさい結球葉ゆで,13,0.9,0.1,2.9,0
646,はくさい漬物塩漬,16,1.4,0.1,3.4,2.3
647,はくさい漬物キムチ,46,2.8,0.3,7.9,2.2
648,パクチョイ葉生,15,1.6,0.2,2.7,0
649,バジル葉生,24,2,0.6,4,0
650,パセリ葉生,43,4,0.7,7.8,0
651,はつかだいこん根生,15,0.8,0.1,3.1,0
652,はやとうり果実白色種生,20,0.6,0.1,4.9,0
653,はやとうり果実緑色種生,20,0.6,0.1,4.9,0
654,はやとうり果実白色種塩漬,17,0.6,0,4.4,3.6
655,ビーツ根生,41,1.6,0.1,9.3,0.1
656,ビーツ根ゆで,44,1.5,0.1,10.2,0.1
657,（ピーマン類）青ピーマン果実生,22,0.9,0.2,5.1,0
658,（ピーマン類）青ピーマン果実油いため,61,0.9,4.3,5.4,0
659,（ピーマン類）赤ピーマン果実生,30,1,0.2,7.2,0
660,（ピーマン類）赤ピーマン果実油いため,69,1,4.3,7.6,0
661,（ピーマン類）黄ピーマン果実生,27,0.8,0.2,6.6,0
662,（ピーマン類）黄ピーマン果実油いため,66,0.8,4.3,6.9,0
663,（ピーマン類）トマピー果実生,31,1,0.2,7.5,0
664,ひのな根・茎葉生,19,1,0,4.7,0
665,ひのな根・茎葉甘酢漬,69,1.4,0.5,17.3,2.8
666,ひろしまな葉生,20,1.5,0.2,4.2,0.1
667,ひろしまな塩漬,16,1.2,0.2,3.3,2.1
668,（ふき類）ふき葉柄生,11,0.3,0,3,0.1
669,（ふき類）ふき葉柄ゆで,8,0.3,0,1.9,0.1
670,（ふき類）ふきのとう花序生,43,2.5,0.1,10,0
671,（ふき類）ふきのとう花序ゆで,32,2.5,0.1,7,0
672,ふじまめ若ざや生,33,2.5,0.1,7.4,0
673,ふだんそう葉生,19,2,0.1,3.7,0.2
674,ふだんそう葉ゆで,27,2.8,0.1,5.4,0.2
675,ブロッコリー花序生,33,4.3,0.5,5.2,0.1
676,ブロッコリー花序ゆで,27,3.5,0.4,4.3,0
677,ブロッコリー芽ばえ生,19,1.9,0.6,2.6,0
678,へちま果実生,16,0.8,0.1,3.8,0
679,へちま果実ゆで,18,1.6,0.1,3.7,0
680,ほうれんそう葉通年平均生,20,2.2,0.4,3.1,0
681,ほうれんそう葉夏採り生,20,2.2,0.4,3.1,0
682,ほうれんそう葉冬採り生,20,2.2,0.4,3.1,0
683,ほうれんそう葉通年平均ゆで,25,2.6,0.5,4,0
684,ほうれんそう葉夏採りゆで,25,2.6,0.5,4,0
685,ほうれんそう葉冬採りゆで,25,2.6,0.5,4,0
686,ほうれんそう葉通年平均油いため,99,3.8,8.1,4.4,0
687,ほうれんそう葉冷凍,21,3.3,0.2,3.1,0.3
688,ホースラディシュ根茎生,79,3.1,0.3,17.7,0
689,まこも茎生,21,1.3,0.2,4.4,0
690,みずかけな葉生,25,2.9,0.1,4.7,0
691,みずかけな塩漬,32,4.9,0,5.7,2.5
692,みずな葉生,23,2.2,0.1,4.8,0.1
693,みずな葉ゆで,22,2,0.1,4.7,0.1
694,みずな塩漬,27,2,0.1,5.9,2.3
695,（みつば類）切りみつば葉生,18,1,0.1,4,0
696,（みつば類）切りみつば葉ゆで,15,0.9,0.1,3.3,0
697,（みつば類）根みつば葉生,20,1.9,0.1,4.1,0
698,（みつば類）根みつば葉ゆで,20,2.3,0.1,3.9,0
699,（みつば類）糸みつば葉生,13,0.9,0.1,2.9,0
700,（みつば類）糸みつば葉ゆで,17,1.1,0,4,0
701,みぶな葉生,15,1.1,0.3,2.9,0.1
702,（みょうが類）みょうが花穂生,12,0.9,0.1,2.6,0
703,（みょうが類）みょうがたけ茎葉生,7,0.4,0.1,1.5,0
704,むかご肉芽生,93,2.9,0.2,20.6,0
705,めキャベツ結球葉生,50,5.7,0.1,9.9,0
706,めキャベツ結球葉ゆで,49,5.3,0.1,9.8,0
707,めたで芽ばえ生,43,3,0.5,8.8,0
708,（もやし類）アルファルファもやし生,12,1.6,0.1,2,0
709,（もやし類）だいずもやし生,37,3.7,1.5,2.3,0
710,（もやし類）だいずもやしゆで,34,2.9,1.6,2.2,0
711,（もやし類）ブラックマッペもやし生,15,2,0,2.7,0
712,（もやし類）ブラックマッペもやしゆで,13,1.3,0,2.7,0
713,（もやし類）りょくとうもやし生,14,1.7,0.1,2.6,0
714,（もやし類）りょくとうもやしゆで,12,1.6,0,2.3,0
715,モロヘイヤ茎葉生,38,4.8,0.5,6.3,0
716,モロヘイヤ茎葉ゆで,25,3,0.4,4,0
717,やまごぼうみそ漬,72,4.1,0.1,15.6,7.1
718,ゆりねりん茎生,125,3.8,0.1,28.3,0
719,ゆりねりん茎ゆで,126,3.4,0.1,28.7,0
720,ようさい茎葉生,17,2.2,0.1,3.1,0.1
721,ようさい茎葉ゆで,21,2.2,0.1,4.1,0
722,よめな葉生,46,3.4,0.2,10,0
723,よもぎ葉生,46,5.2,0.3,8.7,0
724,よもぎ葉ゆで,42,4.8,0.1,8.2,0
725,らっかせい未熟豆生,295,12,24.2,12.4,0
726,らっかせい未熟豆ゆで,288,11.9,23.5,12.3,0
727,（らっきょう類）らっきょうりん茎生,118,1.4,0.2,29.3,0
728,（らっきょう類）らっきょう甘酢漬,115,0.7,0.2,29,2.2
729,（らっきょう類）エシャレットりん茎生,76,2.3,0.2,17.8,0
730,リーキりん茎葉生,29,1.6,0.1,6.9,0
731,リーキりん茎葉ゆで,28,1.3,0.1,6.8,0
732,ルッコラ葉生,19,1.9,0.4,3.1,0
733,ルバーブ葉柄生,24,0.7,0.1,6,0
734,ルバーブ葉柄ゆで,18,0.5,0.1,4.6,0
735,（レタス類）レタス土耕栽培結球葉生,12,0.6,0.1,2.8,0
736,（レタス類）レタス水耕栽培結球葉生,14,0.8,0.2,2.9,0
737,（レタス類）サラダな葉生,14,1,0.2,2.7,0
738,（レタス類）リーフレタス葉生,16,1.4,0.1,3.3,0
739,（レタス類）サニーレタス葉生,16,1.2,0.2,3.2,0
740,（レタス類）サンチュ葉生,15,1.2,0.4,2.5,0
741,（レタス類）コスレタス葉生,17,1.2,0.2,3.4,0
742,れんこん根茎生,66,1.9,0.1,15.5,0.1
743,れんこん根茎ゆで,66,1.3,0.1,16.1,0
744,わけぎ葉生,30,1.6,0,7.4,0
745,わけぎ葉ゆで,29,1.9,0,6.9,0
746,わさび根茎生,88,5.6,0.2,18.4,0.1
747,わさびわさび漬,145,7.1,0.5,28,2.5
748,わらび生わらび生,21,2.4,0.1,4,0
749,わらび生わらびゆで,15,1.5,0.1,3,0
750,わらび干しわらび乾,274,20,0.7,61.4,0
751,あけび果肉生,82,0.5,0.1,22,0
752,あけび果皮生,34,0.3,0.3,8.6,0
753,アセロラ酸味種生,36,0.7,0.1,9,0
754,アセロラ甘味種生,36,0.7,0.1,9,0
755,アセロラ10%果汁入り飲料,42,0.1,0,10.5,0
756,アテモヤ生,79,1.8,0.4,19.4,0
757,アボカド生,187,2.5,18.7,6.2,0
758,あんず生,36,1,0.3,8.5,0
759,あんず乾,288,9.2,0.4,70.4,0
760,あんず缶詰,81,0.5,0.4,18.9,0
761,あんずジャム高糖度,262,0.3,0.1,64.9,0
762,あんずジャム低糖度,205,0.4,0.1,50.5,0
763,いちご生,34,0.9,0.1,8.5,0
764,いちごジャム高糖度,256,0.4,0.1,63.3,0
765,いちごジャム低糖度,197,0.5,0.1,48.4,0
766,いちご乾,302,0.5,0.2,82.8,0.7
767,いちじく生,54,0.6,0.1,14.3,0
768,いちじく乾,291,3,1.1,75.3,0.2
769,いちじく缶詰,81,0.5,0.1,19.4,0
770,うめ生,28,0.7,0.5,7.9,0
771,うめ梅漬塩漬,24,0.7,0.4,6.7,19.3
772,うめ梅漬調味漬,53,1.5,0.5,10.5,6.9
773,うめ梅干し塩漬,33,0.9,0.2,10.5,22.1
774,うめ梅干し調味漬,96,1.5,0.6,21.1,7.6
775,うめ梅びしお,200,0.7,0.5,48.1,7.9
776,うめ20%果汁入り飲料,49,0,0,12.3,0.1
777,オリーブ塩漬グリーンオリーブ,145,1,15,4.5,3.6
778,オリーブ塩漬ブラックオリーブ,118,0.8,12.3,3.4,1.6
779,オリーブ塩漬スタッフドオリーブ,137,0.8,14.3,4.2,5.1
780,かき甘がき生,60,0.4,0.2,15.9,0
781,かき渋抜きがき生,63,0.5,0.1,16.9,0
782,かき干しがき,276,1.5,1.7,71.3,0
783,かりん生,68,0.4,0.1,18.3,0
784,（かんきつ類）いよかん砂じょう生,46,0.9,0.1,11.8,0
785,（かんきつ類）うんしゅうみかんじょうのう早生生,45,0.5,0.1,11.9,0
786,（かんきつ類）うんしゅうみかんじょうのう普通生,46,0.7,0.1,12,0
787,（かんきつ類）うんしゅうみかん砂じょう早生生,43,0.5,0.1,11.3,0
788,（かんきつ類）うんしゅうみかん砂じょう普通生,45,0.7,0.1,11.5,0
789,（かんきつ類）うんしゅうみかん果実飲料ストレートジュース,41,0.5,0.1,10.6,0
790,（かんきつ類）うんしゅうみかん果実飲料濃縮還元ジュース,38,0.5,0.1,9.9,0
791,（かんきつ類）うんしゅうみかん果実飲料果粒入りジュース,47,0.2,0,13,0
792,（かんきつ類）うんしゅうみかん果実飲料50%果汁入り飲料,60,0.2,0,14.7,0
793,（かんきつ類）うんしゅうみかん果実飲料20%果汁入り飲料,50,0.1,0,12.4,0
794,（かんきつ類）うんしゅうみかん缶詰果肉,64,0.5,0.1,15.3,0
795,（かんきつ類）うんしゅうみかん缶詰液汁,63,0.3,0.1,15.3,0
796,（かんきつ類）オレンジネーブル砂じょう生,46,0.9,0.1,11.8,0
797,（かんきつ類）オレンジバレンシア米国産砂じょう生,39,1,0.1,9.8,0
798,（かんきつ類）オレンジバレンシア果実飲料ストレートジュース,42,0.8,0,11,0
799,（かんきつ類）オレンジバレンシア果実飲料濃縮還元ジュース,42,0.7,0.1,10.7,0
800,（かんきつ類）オレンジバレンシア果実飲料50%果汁入り飲料,47,0.4,0.2,10.8,0
801,（かんきつ類）オレンジバレンシア果実飲料30%果汁入り飲料,41,0.2,0,10,0
802,（かんきつ類）オレンジバレンシアマーマレード高糖度,255,0.2,0.1,63.2,0
803,（かんきつ類）オレンジバレンシアマーマレード低糖度,193,0.3,0.1,47.7,0
804,（かんきつ類）オレンジ福原オレンジ砂じょう生,39,1,0.1,9.8,0
805,（かんきつ類）オロブランコ砂じょう生,40,0.8,0.1,10.1,0
806,（かんきつ類）かぼす果汁生,25,0.4,0.1,8.5,0
807,（かんきつ類）かわちばんかん砂じょう生,35,0.7,0.2,8.8,0
808,（かんきつ類）きよみ砂じょう生,41,0.8,0.2,10.3,0
809,（かんきつ類）きんかん全果生,71,0.5,0.7,17.5,0
810,（かんきつ類）グレープフルーツ白肉種砂じょう生,38,0.9,0.1,9.6,0
811,（かんきつ類）グレープフルーツ紅肉種砂じょう生,38,0.9,0.1,9.6,0
812,（かんきつ類）グレープフルーツ果実飲料ストレートジュース,40,0.6,0.1,10.3,0
813,（かんきつ類）グレープフルーツ果実飲料濃縮還元ジュース,35,0.7,0.1,8.8,0
814,（かんきつ類）グレープフルーツ果実飲料50%果汁入り飲料,46,0.3,0,11.1,0
815,（かんきつ類）グレープフルーツ果実飲料20%果汁入り飲料,39,0.1,0,9.7,0
816,（かんきつ類）グレープフルーツ缶詰,70,0.5,0,17.1,0
817,（かんきつ類）さんぼうかん砂じょう生,44,0.7,0.3,10.9,0
818,（かんきつ類）シークヮーサー果汁生,25,0.8,0.1,7.9,0
819,（かんきつ類）シークヮーサー10%果汁入り飲料,48,0.1,0,11.8,0
820,（かんきつ類）しらぬひ砂じょう生,51,0.8,0.2,12.9,0
821,（かんきつ類）すだち果皮生,68,1.8,0.3,16.4,0
822,（かんきつ類）すだち果汁生,20,0.5,0.1,6.6,0
823,（かんきつ類）せとか砂じょう生,47,0.8,0.2,11.7,0
824,（かんきつ類）セミノール砂じょう生,49,1.1,0.1,12.4,0
825,（かんきつ類）だいだい果汁生,24,0.3,0.2,8,0
826,（かんきつ類）なつみかん砂じょう生,40,0.9,0.1,10,0
827,（かんきつ類）なつみかん缶詰,81,0.5,0.1,19.4,0
828,（かんきつ類）はっさく砂じょう生,45,0.8,0.1,11.5,0
829,（かんきつ類）はるみ砂じょう生,48,0.9,0.2,12.1,0
830,（かんきつ類）ひゅうがなつじょうのう及びアルベド生,45,0.6,0.1,11.7,0
831,（かんきつ類）ひゅうがなつ砂じょう生,33,0.6,0.1,8.3,0
832,（かんきつ類）ぶんたん砂じょう生,38,0.7,0.1,9.8,0
833,（かんきつ類）ぶんたんざぼん漬,344,0.2,0.1,85.5,0
834,（かんきつ類）ぽんかん砂じょう生,40,0.9,0.1,9.9,0
835,（かんきつ類）ゆず果皮生,59,1.2,0.5,14.2,0
836,（かんきつ類）ゆず果汁生,21,0.5,0.1,7,0
837,（かんきつ類）ライム果汁生,27,0.4,0.1,9.3,0
838,（かんきつ類）レモン全果生,54,0.9,0.7,12.5,0
839,（かんきつ類）レモン果汁生,26,0.4,0.2,8.6,0
840,キウイフルーツ緑肉種生,53,1,0.1,13.5,0
841,キウイフルーツ黄肉種生,59,1.1,0.2,14.9,0
842,キワノ生,41,1.5,0.9,8,0
843,グァバ赤肉種生,38,0.6,0.1,9.9,0
844,グァバ白肉種生,38,0.6,0.1,9.9,0
845,グァバ果実飲料20%果汁入り飲料（ネクター）,51,0.1,0.1,12.3,0
846,グァバ果実飲料10%果汁入り飲料,51,0.1,0.1,12.3,0
847,グーズベリー生,52,1,0.1,13.2,0
848,ぐみ生,68,1.3,0.2,17.2,0
849,ココナッツココナッツウォーター,20,0.2,0.1,5,0
850,ココナッツココナッツミルク,150,1.9,16,2.8,0
851,ココナッツナタデココ,73,0,0,20.2,0
852,さくらんぼ国産生,60,1,0.2,15.2,0
853,さくらんぼ米国産生,66,1.2,0.1,17.1,0
854,さくらんぼ米国産缶詰,74,0.6,0.1,17.6,0
855,ざくろ生,56,0.2,0,15.5,0
856,すいか赤肉種生,37,0.6,0.1,9.5,0
857,すいか黄肉種生,37,0.6,0.1,9.5,0
858,スターフルーツ生,30,0.7,0.1,7.5,0
859,（すもも類）にほんすもも生,44,0.6,1,9.4,0
860,（すもも類）プルーン生,49,0.7,0.1,12.6,0
861,（すもも類）プルーン乾,235,2.5,0.2,62.4,0
862,チェリモヤ生,78,1.3,0.3,19.8,0
863,ドラゴンフルーツ生,50,1.4,0.3,11.8,0
864,ドリアン生,133,2.3,3.3,27.1,0
865,（なし類）日本なし生,43,0.3,0.1,11.3,0
866,（なし類）日本なし缶詰,78,0.1,0.1,19.1,0
867,（なし類）中国なし生,47,0.2,0.1,12.7,0
868,（なし類）西洋なし生,54,0.3,0.1,14.4,0
869,（なし類）西洋なし缶詰,85,0.2,0.1,20.7,0
870,なつめ乾,287,3.9,2,71.4,0
871,なつめやし乾,266,2.2,0.2,71.3,0
872,パインアップル生,51,0.6,0.1,13.4,0
873,パインアップル果実飲料ストレートジュース,41,0.3,0.1,11,0
874,パインアップル果実飲料濃縮還元ジュース,41,0.1,0.1,11.1,0
875,パインアップル果実飲料50%果汁入り飲料,51,0.3,0.1,12.1,0
876,パインアップル果実飲料10%果汁入り飲料,50,0,0,12.4,0
877,パインアップル缶詰,84,0.4,0.1,20.3,0
878,パインアップル砂糖漬,351,0.5,0.2,86.8,0.1
879,ハスカップ生,53,0.7,0.6,12.8,0
880,パッションフルーツ果汁生,64,0.8,0.4,16.2,0
881,バナナ生,86,1.1,0.2,22.5,0
882,バナナ乾,299,3.8,0.4,78.5,0
883,パパイア完熟生,38,0.5,0.2,9.5,0
884,パパイア未熟生,39,1.3,0.1,9.4,0
885,びわ生,40,0.3,0.1,10.6,0
886,びわ缶詰,81,0.3,0.1,19.8,0
887,ぶどう生,59,0.4,0.1,15.7,0
888,ぶどう干しぶどう,301,2.7,0.2,80.7,0
889,ぶどう果実飲料ストレートジュース,55,0.3,0.2,14.5,0
890,ぶどう果実飲料濃縮還元ジュース,47,0.3,0.3,12.1,0
891,ぶどう果実飲料70%果汁入り飲料,52,0.2,0,12.9,0
892,ぶどう果実飲料10%果汁入り飲料,52,0,0,13.1,0
893,ぶどう缶詰,84,0.4,0.1,20.4,0
894,ぶどうジャム,193,0.5,0.1,47.5,0
895,ブルーベリー生,49,0.5,0.1,12.9,0
896,ブルーベリージャム,181,0.7,0.3,43.8,0
897,ブルーベリー乾,286,2.7,1.9,72.5,0
898,ホワイトサポテ生,74,1.5,0.1,18.9,0
899,まくわうり黄肉種生,32,0.8,0.1,7.8,0
900,まくわうり白肉種生,32,0.8,0.1,7.8,0
901,マルメロ生,56,0.3,0.1,15.1,0
902,マンゴー生,64,0.6,0.1,16.9,0
903,マンゴスチン生,67,0.6,0.2,17.5,0
904,メロン温室メロン生,42,1.1,0.1,10.3,0
905,メロン露地メロン緑肉種生,42,1,0.1,10.4,0
906,メロン露地メロン赤肉種生,42,1,0.1,10.4,0
907,（もも類）もも生,40,0.6,0.1,10.2,0
908,（もも類）もも30%果汁入り飲料（ネクター）,48,0.2,0.1,11.6,0
909,（もも類）もも缶詰白肉種果肉,85,0.5,0.1,20.6,0
910,（もも類）もも缶詰黄肉種果肉,85,0.5,0.1,20.6,0
911,（もも類）もも缶詰液汁,81,0.3,0.1,19.8,0
912,（もも類）ネクタリン生,43,0.7,0.3,10.7,0
913,やまもも生,44,0.5,0.2,11.3,0
914,ライチー生,63,1,0.1,16.4,0
915,ラズベリー生,41,1.1,0.1,10.2,0
916,りゅうがん乾,283,5.1,0.4,72.9,0
917,りんご皮むき生,57,0.1,0.2,15.5,0
918,りんご皮つき生,61,0.2,0.3,16.2,0
919,りんご果実飲料ストレートジュース,44,0.2,0.1,11.8,0
920,りんご果実飲料濃縮還元ジュース,43,0.1,0.2,11.4,0
921,りんご果実飲料50%果汁入り飲料,46,0.1,0,11.5,0
922,りんご果実飲料30%果汁入り飲料,46,0,0,11.4,0
923,りんご缶詰,83,0.3,0.1,20.1,0
924,りんごジャム,213,0.2,0.1,52.7,0
925,えのきたけ生,22,2.7,0.2,7.6,0
926,えのきたけゆで,22,2.8,0.1,7.8,0
927,えのきたけ油いため,58,3,3.9,8.8,0
928,えのきたけ味付け瓶詰,85,3.6,0.3,16.9,4.3
929,（きくらげ類）あらげきくらげ乾,171,6.9,0.7,77,0.1
930,（きくらげ類）あらげきくらげゆで,35,1.2,0.1,16.1,0
931,（きくらげ類）あらげきくらげ油いため,107,2.3,5.2,27.8,0
932,（きくらげ類）きくらげ乾,167,7.9,2.1,71.1,0.1
933,（きくらげ類）きくらげゆで,13,0.6,0.2,5.2,0
934,（きくらげ類）しろきくらげ乾,162,4.9,0.7,74.5,0.1
935,（きくらげ類）しろきくらげゆで,14,0.4,0,6.7,0
936,くろあわびたけ生,19,3.7,0.4,4.9,0
937,しいたけ生しいたけ菌床栽培生,19,3,0.3,5.7,0
938,しいたけ生しいたけ菌床栽培ゆで,17,2.5,0.4,5.1,0
939,しいたけ生しいたけ菌床栽培油いため,57,3.3,4.1,7.3,0
940,しいたけ生しいたけ原木栽培生,23,3.1,0.4,7.6,0
941,しいたけ生しいたけ原木栽培ゆで,19,2.4,0.4,5.9,0
942,しいたけ生しいたけ原木栽培油いため,73,3.8,5.4,8.8,0
943,しいたけ乾しいたけ乾,182,19.3,3.7,63.4,0
944,しいたけ乾しいたけゆで,42,3.2,0.5,16.7,0
945,（しめじ類）はたけしめじ生,15,2.6,0.3,4.5,0
946,（しめじ類）はたけしめじゆで,17,2.6,0.3,5.1,0
947,（しめじ類）ぶなしめじ生,18,2.7,0.6,5,0
948,（しめじ類）ぶなしめじゆで,21,3.3,0.3,6.5,0
949,（しめじ類）ぶなしめじ油いため,53,2.9,4.4,5,0
950,（しめじ類）ほんしめじ生,12,2.5,0.4,2.8,0
951,（しめじ類）ほんしめじゆで,16,2.8,0.6,4.1,0
952,たもぎたけ生,16,3.6,0.3,3.7,0
953,なめこ生,15,1.7,0.2,5.2,0
954,なめこゆで,14,1.6,0.1,5.1,0
955,なめこ水煮缶詰,9,1,0.1,3.2,0
956,ぬめりすぎたけ生,15,2.3,0.4,4.1,0
957,（ひらたけ類）うすひらたけ生,23,6.1,0.2,4.8,0
958,（ひらたけ類）エリンギ生,19,2.8,0.4,6,0
959,（ひらたけ類）エリンギゆで,21,3.2,0.5,6.5,0
960,（ひらたけ類）エリンギ焼き,29,4.2,0.5,9.1,0
961,（ひらたけ類）エリンギ油いため,55,3.2,3.7,8.1,0
962,（ひらたけ類）ひらたけ生,20,3.3,0.3,6.2,0
963,（ひらたけ類）ひらたけゆで,21,3.4,0.2,6.6,0
964,まいたけ生,15,2,0.5,4.4,0
965,まいたけゆで,18,1.6,0.5,6.4,0
966,まいたけ油いため,56,2.6,4.4,6.8,0
967,まいたけ乾,181,21.9,3.9,59.9,0
968,マッシュルーム生,11,2.9,0.3,2.1,0
969,マッシュルームゆで,16,3.8,0.2,3.7,0
970,マッシュルーム油いため,56,3.6,4.5,4.5,0
971,マッシュルーム水煮缶詰,14,3.4,0.2,3.3,0.9
972,まつたけ生,23,2,0.6,8.2,0
973,やなぎまつたけ生,13,2.4,0.1,4,0
974,あおさ素干し,130,22.1,0.6,41.7,9.9
975,あおのり素干し,164,29.4,5.2,41,8.1
976,あまのりほしのり,173,39.4,3.7,38.7,1.5
977,あまのり焼きのり,188,41.4,3.7,44.3,1.3
978,あまのり味付けのり,359,40,3.5,41.8,4.3
979,あらめ蒸し干し,140,12.4,0.7,56.2,5.8
980,いわのり素干し,151,34.8,0.7,39.1,5.3
981,うみぶどう生,4,0.5,0.1,1.2,0.8
982,えごのり素干し,143,9,0.1,62.2,6.1
983,えごのりおきうと,6,0.3,0.1,2.5,0.1
984,おごのり塩蔵塩抜き,21,1.3,0.1,8.8,0.3
985,かわのり素干し,167,38.1,1.6,41.7,0.2
986,（こんぶ類）えながおにこんぶ素干し,138,11,1,55.7,6.1
987,（こんぶ類）がごめこんぶ素干し,142,7.9,0.5,62.1,7.6
988,（こんぶ類）ながこんぶ素干し,140,8.3,1.5,58.5,7.6
989,（こんぶ類）ほそめこんぶ素干し,147,6.9,1.7,62.9,6.1
990,（こんぶ類）まこんぶ素干し,145,8.2,1.2,61.5,7.1
991,（こんぶ類）みついしこんぶ素干し,153,7.7,1.9,64.7,7.6
992,（こんぶ類）りしりこんぶ素干し,138,8,2,56.5,6.9
993,（こんぶ類）刻み昆布,105,5.4,0.5,46,10.9
994,（こんぶ類）削り昆布,117,6.5,0.9,50.2,5.3
995,（こんぶ類）塩昆布,110,16.9,0.4,37,18
996,（こんぶ類）つくだ煮,168,6,1,33.3,7.4
997,すいぜんじのり素干し水戻し,7,1.5,0,2.1,0
998,てんぐさ素干し,144,16.1,1,53.8,4.8
999,てんぐさところてん,2,0.2,0,0.6,0
1000,てんぐさ角寒天,154,2.4,0.2,74.1,0.3
1001,てんぐさ寒天,3,0,0,1.5,0
1002,てんぐさ粉寒天,165,0.2,0.3,81.7,0.4
1003,とさかのり赤とさか塩蔵塩抜き,14,1.5,0.1,5.1,0.7
1004,とさかのり青とさか塩蔵塩抜き,13,0.9,0.2,4.9,0.8
1005,ひじきほしひじきステンレス釜乾,149,9.2,3.2,58.4,4.7
1006,ひじきほしひじきステンレス釜ゆで,10,0.7,0.3,3.4,0.1
1007,ひじきほしひじきステンレス釜油いため,51,0.8,4.7,4.1,0.2
1008,ひじきほしひじき鉄釜乾,145,9.2,3.2,56,4.7
1009,ひじきほしひじき鉄釜ゆで,10,0.7,0.3,3.4,0.1
1010,ひじきほしひじき鉄釜油いため,51,0.8,4.7,4.1,0.2
1011,ひとえぐさ素干し,130,16.6,1,46.3,11.4
1012,ひとえぐさつくだ煮,154,14.4,1.3,21.1,5.8
1013,ふのり素干し,148,13.8,1,57.8,6.9
1014,まつも素干し,159,27.9,4.9,40.8,3.3
1015,むかでのり塩蔵塩抜き,10,0.6,0.1,4.2,0.6
1016,（もずく類）おきなわもずく塩蔵塩抜き,6,0.3,0.2,2,0.6
1017,（もずく類）もずく塩蔵塩抜き,4,0.2,0.1,1.4,0.2
1018,わかめ原藻生,16,1.9,0.2,5.6,1.5
1019,わかめ乾燥わかめ素干し,117,13.6,1.6,41.3,16.8
1020,わかめ乾燥わかめ素干し水戻し,17,2,0.3,5.9,0.7
1021,わかめ乾燥わかめ板わかめ,134,16.7,1.2,47.4,9.9
1022,わかめ乾燥わかめ灰干し水戻し,7,1.1,0.1,2.2,0.1
1023,わかめカットわかめ,138,18,4,41.8,24.1
1024,わかめ湯通し塩蔵わかめ塩抜き,11,1.7,0.4,3.1,1.4
1026,わかめくきわかめ湯通し塩蔵塩抜き,15,1.1,0.3,5.5,7.9
1027,わかめめかぶわかめ生,11,0.9,0.6,3.4,0.4
1028,＜魚類＞あいなめ生,113,19.1,3.4,0.1,0.4
1029,＜魚類＞あこうだい生,93,16.8,2.3,0.1,0.2
1030,＜魚類＞（あじ類）まあじ皮つき、生,126,19.7,4.5,0.1,0.3
1031,＜魚類＞（あじ類）まあじ皮なし、刺身,123,19.7,4.1,0.2,0.3
1032,＜魚類＞（あじ類）まあじ皮つき、水煮,151,22.4,5.9,0.1,0.3
1033,＜魚類＞（あじ類）まあじ皮つき、焼き,170,25.9,6.4,0.1,0.4
1034,＜魚類＞（あじ類）まあじ皮つき、フライ,276,20.1,18.2,7.9,0.4
1035,＜魚類＞（あじ類）まあじ開き干し生,168,20.2,8.8,0.1,1.7
1036,＜魚類＞（あじ類）まあじ開き干し焼き,220,24.6,12.3,0.1,2
1037,＜魚類＞（あじ類）まあじ小型骨付き生,123,17.8,5,0.1,0.3
1038,＜魚類＞（あじ類）まあじ小型骨付きから揚げ,278,24,18.6,3.5,0.3
1039,＜魚類＞（あじ類）まるあじ生,147,22.1,5.6,0.2,0.2
1040,＜魚類＞（あじ類）まるあじ焼き,194,28.7,7.7,0.2,0.2
1041,＜魚類＞（あじ類）にしまあじ生,169,19.6,9.1,0.1,0.4
1042,＜魚類＞（あじ類）にしまあじ水煮,175,21.7,8.8,0.1,0.5
1043,＜魚類＞（あじ類）にしまあじ焼き,203,24.7,10.4,0.1,0.6
1044,＜魚類＞（あじ類）むろあじ生,166,23.6,6.9,0.4,0.1
1045,＜魚類＞（あじ類）むろあじ焼き,186,29.7,6.2,0.6,0.2
1046,＜魚類＞（あじ類）むろあじ開き干し,155,22.9,6.2,0.1,2.1
1047,＜魚類＞（あじ類）むろあじくさや,240,49.9,3,0.3,4.1
1048,＜魚類＞あなご生,161,17.3,9.3,0,0.4
1049,＜魚類＞あなご蒸し,194,17.6,12.7,0,0.3
1050,＜魚類＞あまご養殖生,112,18.3,3.6,0.1,0.1
1051,＜魚類＞あまだい生,113,18.8,3.6,0,0.2
1052,＜魚類＞あまだい水煮,125,20.7,4,0,0.2
1053,＜魚類＞あまだい焼き,119,22.5,2.6,0,0.3
1054,＜魚類＞あゆ天然生,100,18.3,2.4,0.1,0.2
1055,＜魚類＞あゆ天然焼き,177,26.6,6.8,0.1,0.3
1056,＜魚類＞あゆ天然内臓生,206,9.5,17.5,0.3,0.2
1057,＜魚類＞あゆ天然内臓焼き,194,23,10.1,0.4,0.4
1058,＜魚類＞あゆ養殖生,152,17.8,7.9,0.6,0.1
1059,＜魚類＞あゆ養殖焼き,241,22.6,15.1,0.8,0.2
1060,＜魚類＞あゆ養殖内臓生,550,7.4,55,0.3,0.2
1061,＜魚類＞あゆ養殖内臓焼き,558,15.2,52.3,0.4,0.3
1062,＜魚類＞あゆうるか,171,11.4,13.1,1.8,13
1063,＜魚類＞アラスカめぬけ生,105,17.2,3.4,0.1,0.2
1064,＜魚類＞あんこう生,58,13,0.2,0.3,0.3
1065,＜魚類＞あんこうきも生,445,10,41.9,2.2,0.3
1066,＜魚類＞いかなご生,125,17.2,5.5,0.1,0.5
1067,＜魚類＞いかなご煮干し,245,43.1,6.1,1.5,7.1
1068,＜魚類＞いかなごつくだ煮,282,29.4,4.6,30.7,5.6
1069,＜魚類＞いかなごあめ煮,279,25.6,3.7,35.8,4.3
1070,＜魚類＞いさき生,127,17.2,5.7,0.1,0.4
1071,＜魚類＞いしだい生,156,19.5,7.8,0,0.1
1072,＜魚類＞いとよりだい生,93,18.1,1.7,0.1,0.2
1073,＜魚類＞いとよりだいすり身,91,16.7,0.4,5.1,0.7
1074,＜魚類＞いぼだい生,149,16.4,8.5,0,0.5
1075,＜魚類＞（いわし類）うるめいわし生,136,21.3,4.8,0.3,0.2
1076,＜魚類＞（いわし類）うるめいわし丸干し,239,45,5.1,0.3,5.8
1077,＜魚類＞（いわし類）かたくちいわし生,192,18.2,12.1,0.3,0.2
1078,＜魚類＞（いわし類）かたくちいわし煮干し,332,64.5,6.2,0.3,4.3
1079,＜魚類＞（いわし類）かたくちいわし田作り,336,66.6,5.7,0.3,1.8
1080,＜魚類＞（いわし類）まいわし生,169,19.2,9.2,0.2,0.2
1081,＜魚類＞（いわし類）まいわし水煮,178,22.4,8.7,0.2,0.2
1082,＜魚類＞（いわし類）まいわし焼き,196,25.3,9.4,0.2,0.3
1083,＜魚類＞（いわし類）まいわしフライ,396,20,30.3,10.7,0.4
1084,＜魚類＞（いわし類）まいわし塩いわし,163,16.8,9.6,0.4,6.1
1085,＜魚類＞（いわし類）まいわし生干し,242,20.6,16,1.1,1.8
1086,＜魚類＞（いわし類）まいわし丸干し,193,32.8,5.5,0.7,3.8
1087,＜魚類＞（いわし類）めざし生,257,18.2,18.9,0.5,2.8
1088,＜魚類＞（いわし類）めざし焼き,244,23.7,15,0.7,3.6
1089,＜魚類＞（いわし類）しらす生,76,15,1.3,0.1,1
1090,＜魚類＞（いわし類）しらす干し微乾燥品,113,23.1,1.6,0.2,4.1
1091,＜魚類＞（いわし類）しらす干し半乾燥品,206,40.5,3.5,0.5,6.6
1092,＜魚類＞（いわし類）たたみいわし,372,75.1,5.6,0.7,2.2
1093,＜魚類＞（いわし類）みりん干しかたくちいわし,340,44.3,7,25,2.8
1094,＜魚類＞（いわし類）みりん干しまいわし,332,31.4,15.7,16.3,1.7
1095,＜魚類＞（いわし類）缶詰水煮,188,20.7,10.6,0.1,0.8
1096,＜魚類＞（いわし類）缶詰味付け,212,20.4,11.9,5.7,1.4
1097,＜魚類＞（いわし類）缶詰トマト漬,172,17.5,10.8,1.3,0.7
1098,＜魚類＞（いわし類）缶詰油漬,359,20.3,30.7,0.3,0.8
1099,＜魚類＞（いわし類）缶詰かば焼,242,16.2,15.6,9.3,1.5
1100,＜魚類＞（いわし類）缶詰アンチョビ,158,24.2,6.8,0.1,13.1
1101,＜魚類＞いわな養殖生,114,19,3.6,0.1,0.1
1102,＜魚類＞うぐい生,100,20.1,1.5,0.2,0.2
1103,＜魚類＞うなぎ養殖生,255,17.1,19.3,0.3,0.2
1104,＜魚類＞うなぎきも生,118,13,5.3,3.5,0.4
1105,＜魚類＞うなぎ白焼き,331,20.7,25.8,0.1,0.3
1106,＜魚類＞うなぎかば焼,293,23,21,3.1,1.3
1107,＜魚類＞うまづらはぎ生,80,18.2,0.3,0,0.5
1108,＜魚類＞うまづらはぎ味付け開き干し,292,58.9,1.6,10.4,6.1
1109,＜魚類＞えい生,84,19.1,0.3,0.1,0.7
1110,＜魚類＞えそ生,93,20.1,0.8,0.1,0.3
1111,＜魚類＞おいかわ生,136,19.2,5.8,0.1,0.1
1112,＜魚類＞おおさが生,144,16.3,8,0.1,0.2
1113,＜魚類＞おこぜ生,85,19.6,0.2,0.2,0.2
1114,＜魚類＞おひょう生,100,19.9,1.7,0.1,0.2
1115,＜魚類＞かさご生,85,19.3,0.3,0.1,0.3
1116,＜魚類＞かじか生,111,15,5,0.2,0.3
1117,＜魚類＞かじか水煮,122,15.8,5.8,0.2,0.2
1118,＜魚類＞かじかつくだ煮,302,29.4,5.5,33.8,4.3
1119,＜魚類＞（かじき類）くろかじき生,99,22.9,0.2,0.1,0.2
1120,＜魚類＞（かじき類）まかじき生,115,23.1,1.8,0.1,0.2
1121,＜魚類＞（かじき類）めかじき生,153,19.2,7.6,0.1,0.2
1122,＜魚類＞（かじき類）めかじき焼き,220,27.5,11.1,0,0.3
1123,＜魚類＞（かつお類）かつお春獲り生,114,25.8,0.5,0.1,0.1
1124,＜魚類＞（かつお類）かつお秋獲り生,165,25,6.2,0.2,0.1
1125,＜魚類＞（かつお類）そうだがつお生,136,25.7,2.8,0.3,0.2
1126,＜魚類＞（かつお類）加工品なまり,134,29.8,0.7,0.4,0.3
1127,＜魚類＞（かつお類）加工品なまり節,173,38,1.1,0.5,0.2
1128,＜魚類＞（かつお類）加工品かつお節,356,77.1,2.9,0.8,0.3
1129,＜魚類＞（かつお類）加工品削り節,351,75.7,3.2,0.4,1.2
1130,＜魚類＞（かつお類）加工品削り節つくだ煮,237,19.5,3.3,32.3,7.9
1131,＜魚類＞（かつお類）加工品角煮,224,31,1.6,21.4,3.8
1132,＜魚類＞（かつお類）加工品塩辛,62,12,1.5,0,12.7
1133,＜魚類＞（かつお類）缶詰味付けフレーク,141,18.4,2.7,10.7,1.7
1134,＜魚類＞（かつお類）缶詰油漬フレーク,293,18.8,24.2,0.1,0.9
1135,＜魚類＞かます生,148,18.9,7.2,0.1,0.3
1136,＜魚類＞かます焼き,145,23.3,4.9,0.1,0.4
1137,＜魚類＞（かれい類）まがれい生,95,19.6,1.3,0.1,0.3
1138,＜魚類＞（かれい類）まがれい水煮,107,21.4,1.7,0.1,0.3
1139,＜魚類＞（かれい類）まがれい焼き,110,23.4,1.2,0.1,0.3
1140,＜魚類＞（かれい類）まこがれい生,93,18,1.8,0.1,0.3
1141,＜魚類＞（かれい類）まこがれい焼き,147,28.5,2.8,0.2,0.5
1142,＜魚類＞（かれい類）子持ちがれい生,143,19.9,6.2,0.1,0.2
1143,＜魚類＞（かれい類）子持ちがれい水煮,162,22.3,7.2,0.1,0.2
1144,＜魚類＞（かれい類）干しかれい,117,20.2,3.4,0,1.1
1145,＜魚類＞かわはぎ生,80,18.8,0.1,0,0.3
1146,＜魚類＞かんぱち生,129,21,4.2,0.1,0.2
1147,＜魚類＞きす生,80,18.5,0.2,0,0.3
1148,＜魚類＞きす天ぷら,241,18.4,15.2,7.8,0.3
1149,＜魚類＞きちじ生,262,13.6,21.7,0,0.2
1150,＜魚類＞きびなご生,93,18.8,1.4,0.1,0.4
1151,＜魚類＞きびなご調味干し,274,47.9,7.4,0.5,6.6
1152,＜魚類＞キャビア塩蔵品,263,26.2,17.1,1.1,4.1
1153,＜魚類＞キングクリップ生,78,18.2,0.1,0,0.4
1154,＜魚類＞ぎんだら生,232,13.6,18.6,0,0.2
1155,＜魚類＞ぎんだら水煮,287,14.9,23.8,0,0.2
1156,＜魚類＞きんめだい生,160,17.8,9,0.1,0.1
1157,＜魚類＞ぐち生,83,18,0.8,0,0.2
1158,＜魚類＞ぐち焼き,106,23.4,0.8,0,0.4
1159,＜魚類＞こい養殖生,171,17.7,10.2,0.2,0.1
1160,＜魚類＞こい養殖水煮,208,19.2,13.4,0.2,0.1
1161,＜魚類＞こい養殖内臓生,287,9,25.9,1.3,0.2
1162,＜魚類＞（こち類）まごち生,100,22.5,0.5,0.2,0.3
1163,＜魚類＞（こち類）めごち生,75,17.5,0.1,0.1,0.4
1164,＜魚類＞このしろ生,160,19,8.3,0.4,0.4
1165,＜魚類＞このしろ甘酢漬,193,19.1,10.1,6.4,2.3
1166,＜魚類＞（さけ・ます類）からふとます生,154,21.7,6.6,0.1,0.2
1167,＜魚類＞（さけ・ます類）からふとます焼き,191,28.1,7.7,0.1,0.2
1168,＜魚類＞（さけ・ます類）からふとます塩ます,160,20.9,7.4,0.6,5.8
1169,＜魚類＞（さけ・ます類）からふとます水煮缶詰,156,20.7,7.2,0.1,0.9
1170,＜魚類＞（さけ・ます類）ぎんざけ養殖生,204,19.6,12.8,0.3,0.1
1171,＜魚類＞（さけ・ます類）ぎんざけ養殖焼き,257,25.2,15.8,0.4,0.2
1172,＜魚類＞（さけ・ます類）さくらます生,161,20.9,7.7,0.1,0.1
1173,＜魚類＞（さけ・ます類）さくらます焼き,233,28.4,12,0.1,0.2
1174,＜魚類＞（さけ・ます類）しろさけ生,133,22.3,4.1,0.1,0.2
1175,＜魚類＞（さけ・ます類）しろさけ水煮,152,25.5,4.7,0.1,0.2
1176,＜魚類＞（さけ・ます類）しろさけ焼き,171,29.1,5.1,0.1,0.2
1177,＜魚類＞（さけ・ます類）しろさけ新巻き生,154,22.8,6.1,0.1,3
1178,＜魚類＞（さけ・ます類）しろさけ新巻き焼き,198,29.3,7.9,0.1,2.1
1179,＜魚類＞（さけ・ます類）しろさけ塩ざけ,199,22.4,11.1,0.1,1.8
1180,＜魚類＞（さけ・ます類）しろさけイクラ,272,32.6,15.6,0.2,2.3
1181,＜魚類＞（さけ・ます類）しろさけすじこ,282,30.5,17.4,0.9,4.8
1182,＜魚類＞（さけ・ます類）しろさけめふん,77,16.9,0.9,0.4,14.7
1183,＜魚類＞（さけ・ます類）しろさけ水煮缶詰,170,21.2,8.5,0.1,0.6
1184,＜魚類＞（さけ・ます類）たいせいようさけ養殖生,237,20.1,16.1,0.1,0.1
1185,＜魚類＞（さけ・ます類）たいせいようさけ養殖焼き,295,25.1,20,0.1,0.1
1186,＜魚類＞（さけ・ます類）にじます海面養殖皮つき、生,224,21.4,14.2,0.1,0.2
1187,＜魚類＞（さけ・ます類）にじます海面養殖皮なし、刺身,189,20.5,10.8,0.2,0.1
1188,＜魚類＞（さけ・ます類）にじます海面養殖皮つき、焼き,266,27.2,15.8,0.4,0.2
1189,＜魚類＞（さけ・ます類）にじます淡水養殖皮つき、生,127,19.7,4.6,0.1,0.1
1190,＜魚類＞（さけ・ます類）べにざけ生,138,22.5,4.5,0.1,0.1
1191,＜魚類＞（さけ・ます類）べにざけ焼き,177,28.5,6,0.1,0.2
1192,＜魚類＞（さけ・ます類）べにざけくん製,161,25.7,5.5,0.1,3.8
1193,＜魚類＞（さけ・ます類）ますのすけ生,200,19.5,12.5,0,0.1
1194,＜魚類＞（さけ・ます類）ますのすけ焼き,269,26.4,16.7,0,0.1
1195,＜魚類＞（さば類）まさば生,247,20.6,16.8,0.3,0.3
1196,＜魚類＞（さば類）まさば水煮,309,22.6,22.6,0.3,0.2
1197,＜魚類＞（さば類）まさば焼き,318,25.2,22.4,0.4,0.3
1198,＜魚類＞（さば類）まさばフライ,332,20,25.1,6.5,0.3
1200,＜魚類＞（さば類）ごまさば生,146,23,5.1,0.3,0.2
1201,＜魚類＞（さば類）ごまさば水煮,155,24.8,5.2,0.2,0.1
1202,＜魚類＞（さば類）ごまさば焼き,195,31.1,6.6,0.3,0.2
1199,＜魚類＞（さば類）ごまさばさば節,360,73.9,5.1,0,0.9
1203,＜魚類＞（さば類）たいせいようさば生,326,17.2,26.8,0.4,0.3
1204,＜魚類＞（さば類）たいせいようさば水煮,348,18.6,28.5,0.4,0.2
1205,＜魚類＞（さば類）たいせいようさば焼き,370,21.8,29.3,0.5,0.3
1206,＜魚類＞（さば類）加工品塩さば,291,26.2,19.1,0.1,1.8
1207,＜魚類＞（さば類）加工品開き干し,348,18.7,28.5,0.2,1.7
1208,＜魚類＞（さば類）加工品しめさば,339,18.6,26.9,1.7,1.6
1209,＜魚類＞（さば類）缶詰水煮,190,20.9,10.7,0.2,0.9
1210,＜魚類＞（さば類）缶詰みそ煮,217,16.3,13.9,6.6,1.1
1211,＜魚類＞（さば類）缶詰味付け,215,21.4,12.6,4,1.3
1212,＜魚類＞（さめ類）あぶらつのざめ生,159,16.8,9.4,0,0.3
1213,＜魚類＞（さめ類）よしきりざめ生,85,18.9,0.6,0,0.5
1214,＜魚類＞（さめ類）ふかひれ,342,83.9,1.6,0,0.5
1215,＜魚類＞さより生,95,19.6,1.3,0,0.5
1216,＜魚類＞さわら生,177,20.1,9.7,0.1,0.2
1217,＜魚類＞さわら焼き,202,23.6,10.8,0.1,0.2
1218,＜魚類＞さんま皮つき、生,297,17.6,23.6,0.1,0.3
1219,＜魚類＞さんま皮なし、刺身,335,16.9,28,0.2,0.3
1220,＜魚類＞さんま皮つき、焼き,270,23.9,17.9,0.2,0.3
1221,＜魚類＞さんま開き干し,261,19.3,19,0.1,1.3
1222,＜魚類＞さんまみりん干し,409,23.9,25.8,20.4,3.6
1223,＜魚類＞さんま缶詰味付け,268,18.9,18.9,5.6,1.4
1224,＜魚類＞さんま缶詰かば焼,225,17.4,13,9.7,1.5
1225,＜魚類＞しいら生,108,21.3,1.9,0,0.1
1226,＜魚類＞（ししゃも類）ししゃも生干し生,166,21,8.1,0.2,1.2
1227,＜魚類＞（ししゃも類）ししゃも生干し焼き,177,24.3,7.8,0.2,1.6
1228,＜魚類＞（ししゃも類）からふとししゃも生干し生,177,15.6,11.6,0.5,1.5
1229,＜魚類＞（ししゃも類）からふとししゃも生干し焼き,186,18.2,11.3,0.6,2
1230,＜魚類＞したびらめ生,96,19.2,1.6,0,0.4
1231,＜魚類＞しまあじ養殖生,168,21.9,8,0.1,0.1
1232,＜魚類＞しらうお生,77,13.6,2,0.1,0.4
1233,＜魚類＞シルバー生,153,18.6,7.9,0,0.2
1234,＜魚類＞すずき生,123,19.8,4.2,0,0.2
1235,＜魚類＞（たい類）きだい生,108,18.6,3.1,0.2,0.2
1236,＜魚類＞（たい類）くろだい生,150,20.4,6.7,0.3,0.1
1237,＜魚類＞（たい類）ちだい生,105,19.4,2.4,0.1,0.2
1238,＜魚類＞（たい類）まだい天然生,142,20.6,5.8,0.1,0.1
1239,＜魚類＞（たい類）まだい養殖皮つき生,177,20.9,9.4,0.1,0.1
1240,＜魚類＞（たい類）まだい養殖皮なし刺身,146,21.2,5.9,0.2,0.1
1241,＜魚類＞（たい類）まだい養殖皮つき水煮,206,22.2,11.9,0.1,0.1
1242,＜魚類＞（たい類）まだい養殖皮つき焼き,210,22.7,12,0.1,0.1
1243,＜魚類＞たかさご生,100,20.2,1.5,0.1,0.1
1244,＜魚類＞たかべ生,164,18.7,9,0,0.3
1245,＜魚類＞たちうお生,266,16.5,20.9,0,0.2
1246,＜魚類＞（たら類）すけとうだら生,76,17.4,0.3,0,0.3
1247,＜魚類＞（たら類）すけとうだらフライ,207,19.2,11.9,5.7,0.4
1248,＜魚類＞（たら類）すけとうだらすり身,98,17.5,0.2,6.6,0.3
1249,＜魚類＞（たら類）すけとうだらすきみだら,174,40.5,0.3,0.1,18.8
1250,＜魚類＞（たら類）すけとうだらたらこ生,140,24,4.7,0.4,4.6
1251,＜魚類＞（たら類）すけとうだらたらこ焼き,170,28.3,6.1,0.5,5.3
1252,＜魚類＞（たら類）すけとうだらからしめんたいこ,126,21,3.3,3,5.6
1253,＜魚類＞（たら類）まだら生,77,17.6,0.2,0.1,0.3
1254,＜魚類＞（たら類）まだら焼き,109,25.2,0.2,0.2,0.4
1255,＜魚類＞（たら類）まだらしらこ生,62,13.4,0.8,0.2,0.3
1256,＜魚類＞（たら類）まだら塩だら,65,15.2,0.1,0,2
1257,＜魚類＞（たら類）まだら干しだら,317,73.2,0.8,0.1,3.8
1258,＜魚類＞（たら類）まだらでんぶ,278,25.5,1.1,41.5,4.1
1259,＜魚類＞ちか生,88,19.5,0.6,0,0.6
1260,＜魚類＞どじょう生,79,16.1,1.2,0,0.2
1261,＜魚類＞どじょう水煮,83,17.1,1.2,0,0.3
1262,＜魚類＞とびうお生,96,21,0.7,0.1,0.2
1263,＜魚類＞ナイルティラピア生,134,19.8,5.3,0.2,0.2
1264,＜魚類＞なまず生,159,18.4,8.6,0,0.1
1265,＜魚類＞にぎす生,91,18.7,1.2,0.1,0.5
1266,＜魚類＞にしん生,216,17.4,15.1,0.1,0.3
1267,＜魚類＞にしん身欠きにしん,246,20.9,16.7,0.2,0.4
1268,＜魚類＞にしん開き干し,264,18.5,19.7,0.2,0.9
1269,＜魚類＞にしんくん製,305,23.1,22.1,0,9.9
1270,＜魚類＞にしんかずのこ生,162,25.2,6.7,0.2,0.8
1271,＜魚類＞にしんかずのこ乾,385,65.2,13.6,0.5,3.6
1272,＜魚類＞にしんかずのこ塩蔵水戻し,89,15,3,0.6,1.2
1273,＜魚類＞はぜ生,83,19.1,0.2,0.1,0.2
1274,＜魚類＞はぜつくだ煮,284,24.3,3,39.9,5.6
1275,＜魚類＞はぜ甘露煮,265,21.1,2.2,40.3,3.8
1276,＜魚類＞はたはた生,113,14.1,5.7,0,0.5
1277,＜魚類＞はたはた生干し,167,16.7,10.3,0,1.3
1278,＜魚類＞はまふえふき生,90,20.5,0.3,0.1,0.2
1279,＜魚類＞はも生,144,22.3,5.3,0,0.2
1280,＜魚類＞ひらまさ生,142,22.6,4.9,0.1,0.1
1281,＜魚類＞ひらめ天然生,103,20,2,0,0.1
1282,＜魚類＞ひらめ養殖皮つき生,126,21.6,3.7,0,0.1
1283,＜魚類＞ひらめ養殖皮なし刺身,113,21.2,2.5,0.1,0.1
1284,＜魚類＞（ふぐ類）とらふぐ養殖生,85,19.3,0.3,0.2,0.3
1285,＜魚類＞（ふぐ類）まふぐ生,84,18.9,0.4,0,0.2
1286,＜魚類＞ふな生,101,18.2,2.5,0.1,0.1
1287,＜魚類＞ふな水煮,112,20.3,2.8,0.1,0.1
1288,＜魚類＞ふな甘露煮,272,15.5,3.6,44.4,3.3
1289,＜魚類＞ぶり成魚生,257,21.4,17.6,0.3,0.1
1290,＜魚類＞ぶり成魚焼き,304,26.2,20.4,0.3,0.1
1291,＜魚類＞ぶりはまち養殖皮つき生,251,20.7,17.2,0.3,0.1
1292,＜魚類＞ぶりはまち養殖皮なし刺身,203,21,12,0.3,0.1
1293,＜魚類＞ほうぼう生,122,19.6,4.2,0,0.3
1294,＜魚類＞ホキ生,84,17,1.3,0,0.4
1295,＜魚類＞ほっけ生,115,17.3,4.4,0.1,0.2
1296,＜魚類＞ほっけ塩ほっけ,123,18.1,4.9,0.1,3.6
1297,＜魚類＞ほっけ開き干し生,176,20.6,9.4,0.1,1.8
1298,＜魚類＞ほっけ開き干し焼き,200,23.1,10.9,0.2,2
1299,＜魚類＞ぼら生,128,19.2,5,0.1,0.2
1300,＜魚類＞ぼらからすみ,423,40.4,28.9,0.3,3.6
1301,＜魚類＞ほんもろこ生,113,17.5,4.1,0.1,0.2
1302,＜魚類＞（まぐろ類）きはだ生,106,24.3,0.4,0,0.1
1303,＜魚類＞（まぐろ類）くろまぐろ赤身生,125,26.4,1.4,0.1,0.1
1304,＜魚類＞（まぐろ類）くろまぐろ脂身生,344,20.1,27.5,0.1,0.2
1305,＜魚類＞（まぐろ類）びんなが生,117,26,0.7,0.2,0.1
1306,＜魚類＞（まぐろ類）みなみまぐろ赤身生,93,21.6,0.1,0.1,0.1
1307,＜魚類＞（まぐろ類）みなみまぐろ脂身生,352,20.3,28.3,0.1,0.1
1308,＜魚類＞（まぐろ類）めじまぐろ生,152,25.2,4.8,0.1,0.1
1309,＜魚類＞（まぐろ類）めばち生,108,22.8,1.2,0.2,0.1
1310,＜魚類＞（まぐろ類）缶詰水煮フレークライト,71,16,0.7,0.2,0.5
1311,＜魚類＞（まぐろ類）缶詰水煮フレークホワイト,97,18.3,2.5,0.4,0.7
1312,＜魚類＞（まぐろ類）缶詰味付けフレーク,136,19,2.3,9.9,1.9
1313,＜魚類＞（まぐろ類）缶詰油漬フレークライト,267,17.7,21.7,0.1,0.9
1314,＜魚類＞（まぐろ類）缶詰油漬フレークホワイト,288,18.8,23.6,0.1,0.9
1315,＜魚類＞マジェランあいなめ生,272,13.3,22.9,0.1,0.2
1316,＜魚類＞まながつお生,175,17.1,10.9,0,0.4
1317,＜魚類＞みなみくろたち生,120,21.7,3,0.1,0.3
1318,＜魚類＞みなみだら生,72,16.4,0.3,0,0.6
1319,＜魚類＞むつ生,189,16.7,12.6,0,0.2
1320,＜魚類＞むつ水煮,173,22.2,8.4,0,0.2
1321,＜魚類＞めじな生,125,19.4,4.5,0.1,0.2
1322,＜魚類＞めばる生,109,18.1,3.5,0,0.2
1323,＜魚類＞メルルーサ生,77,17,0.6,0,0.4
1324,＜魚類＞やつめうなぎ生,273,15.8,21.8,0.2,0.1
1325,＜魚類＞やつめうなぎ干しやつめ,508,50.3,31.2,0.5,0.3
1326,＜魚類＞やまめ養殖生,119,18.4,4.3,0.3,0.1
1327,＜魚類＞わかさぎ生,77,14.4,1.7,0.1,0.5
1328,＜魚類＞わかさぎつくだ煮,317,28.7,5.5,38.2,4.8
1329,＜魚類＞わかさぎあめ煮,313,26.3,5.1,40.4,4.1
1330,＜貝類＞あかがい生,74,13.5,0.3,3.5,0.8
1331,＜貝類＞あげまき生,48,8.1,0.6,2,1.5
1332,＜貝類＞あさり生,30,6,0.3,0.4,2.2
1333,＜貝類＞あさりつくだ煮,225,20.8,2.4,30.1,7.4
1334,＜貝類＞あさり缶詰水煮,114,20.3,2.2,1.9,1
1335,＜貝類＞あさり缶詰味付け,130,16.6,1.9,11.5,1.6
1336,＜貝類＞あわび生,73,12.7,0.3,4,0.8
1337,＜貝類＞あわび干し,273,38,1.6,23.8,7.4
1338,＜貝類＞あわび塩辛,100,14.8,3.9,1.4,6.6
1339,＜貝類＞あわび水煮缶詰,90,19.4,0.4,1,1.4
1340,＜貝類＞いがい生,70,10.3,1.4,3.2,1.4
1341,＜貝類＞いたやがい養殖生,59,10.8,0.8,1.5,1.1
1342,＜貝類＞エスカルゴ水煮缶詰,82,16.5,1,0.8,0.7
1343,＜貝類＞かき養殖生,60,6.6,1.4,4.7,1.3
1344,＜貝類＞かき養殖水煮,91,9.5,2.2,7.4,1.1
1345,＜貝類＞かきくん製油漬缶詰,298,12.5,22.6,11.2,0.8
1346,＜貝類＞さざえ生,89,19.4,0.4,0.8,0.6
1347,＜貝類＞さざえ焼き,97,21.3,0.4,0.9,0.7
1348,＜貝類＞さるぼう味付け缶詰,135,15.9,2.2,12.9,2.2
1349,＜貝類＞しじみ生,64,7.5,1.4,4.5,0.4
1350,＜貝類＞しじみ水煮,113,15.4,2.7,5.5,0.3
1351,＜貝類＞たいらがい貝柱生,100,21.8,0.2,1.5,0.7
1352,＜貝類＞たにし生,80,13,1.1,3.6,0.1
1353,＜貝類＞つぶ生,86,17.8,0.2,2.3,1
1354,＜貝類＞とこぶし生,84,16,0.4,3,0.7
1355,＜貝類＞とりがい斧足生,86,12.9,0.3,6.9,0.3
1356,＜貝類＞ばい生,87,16.3,0.6,3.1,0.6
1357,＜貝類＞ばかがい生,61,10.9,0.5,2.4,0.8
1358,＜貝類＞（はまぐり類）はまぐり生,39,6.1,0.6,1.8,2
1359,＜貝類＞（はまぐり類）はまぐり水煮,89,14.9,1.5,2.9,1.2
1360,＜貝類＞（はまぐり類）はまぐり焼き,77,13.3,1,2.8,2
1361,＜貝類＞（はまぐり類）はまぐりつくだ煮,219,27,2.8,21.4,7.1
1362,＜貝類＞（はまぐり類）ちょうせんはまぐり生,42,6.5,0.4,2.7,1.3
1363,＜貝類＞ほたてがい生,72,13.5,0.9,1.5,0.8
1364,＜貝類＞ほたてがい水煮,100,17.6,1.9,1.9,0.6
1365,＜貝類＞ほたてがい貝柱生,88,16.9,0.3,3.5,0.3
1366,＜貝類＞ほたてがい貝柱焼き,122,23.8,0.3,4.6,0.4
1367,＜貝類＞ほたてがい貝柱煮干し,322,65.7,1.4,7.6,6.4
1368,＜貝類＞ほたてがい貝柱水煮缶詰,94,19.5,0.6,1.5,1
1369,＜貝類＞ほっきがい生,73,11.1,1.1,3.8,0.6
1370,＜貝類＞みるがい水管生,82,18.3,0.4,0.3,0.8
1371,＜えび・かに類＞（えび類）あまえび生,87,19.8,0.3,0.1,0.8
1372,＜えび・かに類＞（えび類）いせえび生,92,20.9,0.4,0,0.9
1373,＜えび・かに類＞（えび類）くるまえび養殖生,97,21.6,0.6,0,0.4
1374,＜えび・かに類＞（えび類）くるまえび養殖ゆで,124,28.2,0.5,0,0.5
1375,＜えび・かに類＞（えび類）くるまえび養殖焼き,103,23.5,0.4,0,0.5
1376,＜えび・かに類＞（えび類）さくらえびゆで,91,18.2,1.5,0,2.1
1377,＜えび・かに類＞（えび類）さくらえび素干し,312,64.9,4,0.1,3
1378,＜えび・かに類＞（えび類）さくらえび煮干し,273,59.1,2.5,0.1,8.6
1379,＜えび・かに類＞（えび類）大正えび生,95,21.7,0.3,0.1,0.5
1380,＜えび・かに類＞（えび類）しばえび生,83,18.7,0.4,0.1,0.6
1381,＜えび・かに類＞（えび類）バナメイエビ養殖生,91,19.6,0.6,0.7,0.3
1382,＜えび・かに類＞（えび類）バナメイエビ養殖天ぷら,199,20,10.3,6.5,0.3
1383,＜えび・かに類＞（えび類）ブラックタイガー養殖生,82,18.4,0.3,0.3,0.4
1384,＜えび・かに類＞（えび類）加工品干しえび,233,48.6,2.8,0.3,3.8
1385,＜えび・かに類＞（えび類）加工品つくだ煮,244,25.9,2.2,30.1,4.8
1386,＜えび・かに類＞（かに類）がざみ生,65,14.4,0.3,0.3,0.9
1387,＜えび・かに類＞（かに類）毛がに生,72,15.8,0.5,0.2,0.6
1388,＜えび・かに類＞（かに類）毛がにゆで,83,18.4,0.5,0.2,0.6
1389,＜えび・かに類＞（かに類）ずわいがに生,63,13.9,0.4,0.1,0.8
1390,＜えび・かに類＞（かに類）ずわいがにゆで,69,15,0.6,0.1,0.6
1391,＜えび・かに類＞（かに類）ずわいがに水煮缶詰,73,16.3,0.4,0.2,1.7
1392,＜えび・かに類＞（かに類）たらばがに生,59,13,0.3,0.2,0.9
1393,＜えび・かに類＞（かに類）たらばがにゆで,80,17.5,0.5,0.3,0.8
1394,＜えび・かに類＞（かに類）たらばがに水煮缶詰,90,20.6,0.3,0.1,1.5
1395,＜えび・かに類＞（かに類）加工品がん漬,59,8.4,0.4,5.4,19.1
1396,＜いか・たこ類＞（いか類）あかいか生,89,17.9,1.4,0,0.5
1397,＜いか・たこ類＞（いか類）けんさきいか生,84,17.5,1,0.1,0.5
1398,＜いか・たこ類＞（いか類）こういか生,66,14.9,0.3,0.1,0.7
1399,＜いか・たこ類＞（いか類）するめいか生,83,17.9,0.8,0.1,0.5
1400,＜いか・たこ類＞（いか類）するめいか水煮,101,21.9,0.9,0.1,0.6
1401,＜いか・たこ類＞（いか類）するめいか焼き,109,23.6,1,0.1,0.8
1402,＜いか・たこ類＞（いか類）するめいか胴皮つき生,86,18.6,0.7,0.1,0.5
1403,＜いか・たこ類＞（いか類）するめいか胴皮なし刺身,85,18.6,0.6,0.1,0.5
1404,＜いか・たこ類＞（いか類）するめいか胴皮なし天ぷら,189,16.7,10.8,6.3,0.4
1405,＜いか・たこ類＞（いか類）するめいか耳・足生,80,16.9,0.9,0,0.6
1406,＜いか・たこ類＞（いか類）ほたるいか生,84,11.8,3.5,0.2,0.7
1407,＜いか・たこ類＞（いか類）ほたるいかゆで,104,17.7,2.9,0.4,0.6
1408,＜いか・たこ類＞（いか類）ほたるいかくん製,325,43.1,7.5,21.3,3.8
1409,＜いか・たこ類＞（いか類）ほたるいかつくだ煮,260,27,6.7,22.9,3
1410,＜いか・たこ類＞（いか類）やりいか生,85,17.6,1,0.4,0.4
1411,＜いか・たこ類＞（いか類）加工品するめ,334,69.2,4.3,0.4,2.3
1412,＜いか・たこ類＞（いか類）加工品さきいか,279,45.5,3.1,17.3,6.9
1413,＜いか・たこ類＞（いか類）加工品くん製,206,35.2,1.5,12.8,6.1
1414,＜いか・たこ類＞（いか類）加工品切りいかあめ煮,318,22.7,4.7,46.1,2.8
1415,＜いか・たこ類＞（いか類）加工品いかあられ,293,20,1.8,49.1,1.8
1416,＜いか・たこ類＞（いか類）加工品塩辛,117,15.2,3.4,6.5,6.9
1417,＜いか・たこ類＞（いか類）加工品味付け缶詰,133,21.4,1.8,7.7,1.8
1418,＜いか・たこ類＞（たこ類）いいだこ生,70,14.6,0.8,0.1,0.6
1419,＜いか・たこ類＞（たこ類）まだこ生,76,16.4,0.7,0.1,0.7
1420,＜いか・たこ類＞（たこ類）まだこゆで,99,21.7,0.7,0.1,0.6
1421,＜その他＞あみつくだ煮,233,19.1,1.8,35.1,6.9
1422,＜その他＞あみ塩辛,65,12.9,1.1,0.8,19.8
1423,＜その他＞うに生うに,120,16,4.8,3.3,0.6
1424,＜その他＞うに粒うに,183,17.2,5.8,15.6,8.4
1425,＜その他＞うに練りうに,170,13.5,2.9,22.4,7.1
1426,＜その他＞おきあみ生,94,15,3.2,0.2,1.1
1427,＜その他＞おきあみゆで,86,13.8,3,0,1.6
1428,＜その他＞くらげ塩蔵塩抜き,22,5.2,0.1,0,0.3
1429,＜その他＞しゃこゆで,98,19.2,1.7,0.2,0.8
1430,＜その他＞なまこ生,23,4.6,0.3,0.5,1.7
1431,＜その他＞なまここのわた,64,11.4,1.8,0.5,4.6
1432,＜その他＞ほや生,30,5,0.8,0.8,3.3
1433,＜その他＞ほや塩辛,72,11.6,1.1,3.8,3.6
1434,＜水産練り製品＞かに風味かまぼこ,90,12.1,0.5,9.2,2.2
1435,＜水産練り製品＞昆布巻きかまぼこ,84,8.9,0.5,11,2.4
1436,＜水産練り製品＞す巻きかまぼこ,90,12,0.8,8.7,2.2
1437,＜水産練り製品＞蒸しかまぼこ,95,12,0.9,9.7,2.5
1438,＜水産練り製品＞焼き抜きかまぼこ,103,16.2,1,7.4,2.4
1439,＜水産練り製品＞焼き竹輪,121,12.2,2,13.5,2.1
1440,＜水産練り製品＞だて巻,196,14.6,7.5,17.6,0.9
1441,＜水産練り製品＞つみれ,113,12,4.3,6.5,1.4
1442,＜水産練り製品＞なると,80,7.6,0.4,11.6,2
1443,＜水産練り製品＞はんぺん,94,9.9,1,11.4,1.5
1444,＜水産練り製品＞さつま揚げ,139,12.5,3.7,13.9,1.9
1445,＜水産練り製品＞魚肉ハム,158,13.4,6.7,11.1,2.3
1446,＜水産練り製品＞魚肉ソーセージ,161,11.5,7.2,12.6,2.1
1447,＜畜肉類＞いのしし肉脂身つき生,268,18.8,19.8,0.5,0.1
1448,＜畜肉類＞いのぶた肉脂身つき生,304,18.1,24.1,0.3,0.1
1449,＜畜肉類＞うさぎ肉赤肉生,146,20.5,6.3,0,0.1
1450,＜畜肉類＞うし［和牛肉］かた脂身つき生,286,17.7,22.3,0.3,0.1
1451,＜畜肉類＞うし［和牛肉］かた皮下脂肪なし生,265,18.3,19.8,0.3,0.1
1452,＜畜肉類＞うし［和牛肉］かた赤肉生,201,20.2,12.2,0.3,0.1
1453,＜畜肉類＞うし［和牛肉］かた脂身生,751,4,78,0,0
1454,＜畜肉類＞うし［和牛肉］かたロース脂身つき生,411,13.8,37.4,0.2,0.1
1455,＜畜肉類＞うし［和牛肉］かたロース皮下脂肪なし生,403,14,36.5,0.2,0.1
1456,＜畜肉類＞うし［和牛肉］かたロース赤肉生,316,16.5,26.1,0.2,0.1
1457,＜畜肉類＞うし［和牛肉］リブロース脂身つき生,573,9.7,56.5,0.1,0.1
1458,＜畜肉類＞うし［和牛肉］リブロース脂身つき焼き,597,14.6,56.8,0.2,0.1
1459,＜畜肉類＞うし［和牛肉］リブロース脂身つきゆで,601,12.6,58.2,0.1,0.1
1460,＜畜肉類＞うし［和牛肉］リブロース皮下脂肪なし生,556,10.3,54.4,0.1,0.1
1461,＜畜肉類＞うし［和牛肉］リブロース赤肉生,436,14,40,0.2,0.1
1462,＜畜肉類＞うし［和牛肉］リブロース脂身生,752,4.2,78,0,0.1
1463,＜畜肉類＞うし［和牛肉］サーロイン脂身つき生,498,11.7,47.5,0.3,0.1
1464,＜畜肉類＞うし［和牛肉］サーロイン皮下脂肪なし生,456,12.9,42.5,0.3,0.1
1465,＜畜肉類＞うし［和牛肉］サーロイン赤肉生,317,17.1,25.8,0.4,0.1
1466,＜畜肉類＞うし［和牛肉］ばら脂身つき生,517,11,50,0.1,0.1
1467,＜畜肉類＞うし［和牛肉］もも脂身つき生,259,19.2,18.7,0.5,0.1
1468,＜畜肉類＞うし［和牛肉］もも皮下脂肪なし生,233,20.2,15.5,0.6,0.1
1469,＜畜肉類＞うし［和牛肉］もも皮下脂肪なし焼き,333,27.7,22.7,0.5,0.1
1470,＜畜肉類＞うし［和牛肉］もも皮下脂肪なしゆで,328,25.7,23.3,0.2,0.1
1471,＜畜肉類＞うし［和牛肉］もも赤肉生,193,21.3,10.7,0.6,0.1
1472,＜畜肉類＞うし［和牛肉］もも脂身生,728,4.4,75.4,0,0.1
1473,＜畜肉類＞うし［和牛肉］そともも脂身つき生,265,17.8,20,0.5,0.1
1474,＜畜肉類＞うし［和牛肉］そともも皮下脂肪なし生,237,18.7,16.6,0.5,0.1
1475,＜畜肉類＞うし［和牛肉］そともも赤肉生,172,20.7,8.7,0.6,0.1
1476,＜畜肉類＞うし［和牛肉］ランプ脂身つき生,347,15.1,29.9,0.4,0.1
1477,＜畜肉類＞うし［和牛肉］ランプ皮下脂肪なし生,318,16,26.4,0.4,0.1
1478,＜畜肉類＞うし［和牛肉］ランプ赤肉生,211,19.2,13.6,0.5,0.1
1479,＜畜肉類＞うし［和牛肉］ヒレ赤肉生,223,19.1,15,0.3,0.1
1480,＜畜肉類＞うし［乳用肥育牛肉］かた脂身つき生,257,16.8,19.6,0.4,0.1
1481,＜畜肉類＞うし［乳用肥育牛肉］かた皮下脂肪なし生,217,17.9,14.9,0.4,0.1
1482,＜畜肉類＞うし［乳用肥育牛肉］かた赤肉生,143,19.9,6.1,0.5,0.2
1483,＜畜肉類＞うし［乳用肥育牛肉］かた脂身生,709,4.5,73.3,0,0.1
1484,＜畜肉類＞うし［乳用肥育牛肉］かたロース脂身つき生,318,16.2,26.4,0.2,0.1
1485,＜畜肉類＞うし［乳用肥育牛肉］かたロース皮下脂肪なし生,308,16.5,25.2,0.2,0.1
1486,＜畜肉類＞うし［乳用肥育牛肉］かたロース赤肉生,212,19.1,13.9,0.2,0.1
1487,＜畜肉類＞うし［乳用肥育牛肉］リブロース脂身つき生,409,14.1,37.1,0.2,0.1
1488,＜畜肉類＞うし［乳用肥育牛肉］リブロース脂身つき焼き,511,20.4,45,0.3,0.1
1489,＜畜肉類＞うし［乳用肥育牛肉］リブロース脂身つきゆで,478,17.2,43,0.3,0.1
1490,＜畜肉類＞うし［乳用肥育牛肉］リブロース皮下脂肪なし生,378,15,33.4,0.2,0.1
1491,＜畜肉類＞うし［乳用肥育牛肉］リブロース赤肉生,248,18.8,17.8,0.3,0.1
1492,＜畜肉類＞うし［乳用肥育牛肉］リブロース脂身生,773,3.7,80.5,0,0
1493,＜畜肉類＞うし［乳用肥育牛肉］サーロイン脂身つき生,334,16.5,27.9,0.4,0.1
1494,＜畜肉類＞うし［乳用肥育牛肉］サーロイン皮下脂肪なし生,270,18.4,20.2,0.5,0.1
1495,＜畜肉類＞うし［乳用肥育牛肉］サーロイン赤肉生,177,21.1,9.1,0.6,0.2
1496,＜畜肉類＞うし［乳用肥育牛肉］ばら脂身つき生,426,12.8,39.4,0.3,0.1
1497,＜畜肉類＞うし［乳用肥育牛肉］ばら脂身つき焼き,484,15.9,44.2,0.3,0.2
1498,＜畜肉類＞うし［乳用肥育牛肉］もも脂身つき生,209,19.5,13.3,0.4,0.1
1499,＜畜肉類＞うし［乳用肥育牛肉］もも皮下脂肪なし生,181,20.5,9.9,0.4,0.1
1500,＜畜肉類＞うし［乳用肥育牛肉］もも皮下脂肪なし焼き,245,28,13.2,0.6,0.2
1501,＜畜肉類＞うし［乳用肥育牛肉］もも皮下脂肪なしゆで,252,28.4,13.8,0.6,0.1
1502,＜畜肉類＞うし［乳用肥育牛肉］もも赤肉生,140,21.9,4.9,0.4,0.1
1503,＜畜肉類＞うし［乳用肥育牛肉］もも脂身生,626,5.1,64.1,0.2,0.1
1504,＜畜肉類＞うし［乳用肥育牛肉］そともも脂身つき生,233,18.2,16.3,0.6,0.1
1505,＜畜肉類＞うし［乳用肥育牛肉］そともも皮下脂肪なし生,190,19.6,11.1,0.6,0.1
1506,＜畜肉類＞うし［乳用肥育牛肉］そともも赤肉生,140,21.3,5,0.7,0.2
1507,＜畜肉類＞うし［乳用肥育牛肉］ランプ脂身つき生,248,18.6,17.8,0.6,0.1
1508,＜畜肉類＞うし［乳用肥育牛肉］ランプ皮下脂肪なし生,216,19.7,13.9,0.6,0.1
1509,＜畜肉類＞うし［乳用肥育牛肉］ランプ赤肉生,153,22,6.1,0.7,0.2
1510,＜畜肉類＞うし［乳用肥育牛肉］ヒレ赤肉生,195,20.8,11.2,0.5,0.1
1511,＜畜肉類＞うし［乳用肥育牛肉］ヒレ赤肉焼き,259,27.2,15.2,0.4,0.2
1512,＜畜肉類＞うし［交雑牛肉］リブロース脂身つき生,539,12,51.8,0.3,0.1
1513,＜畜肉類＞うし［交雑牛肉］リブロース脂身つき焼き,627,14.5,60.1,0.2,0.1
1514,＜畜肉類＞うし［交雑牛肉］リブロース脂身つきゆで,588,13.2,56.5,0.1,0
1515,＜畜肉類＞うし［交雑牛肉］リブロース皮下脂肪なし生,484,13.6,45.2,0.3,0.1
1516,＜畜肉類＞うし［交雑牛肉］リブロース赤肉生,376,16.7,32.3,0.4,0.1
1517,＜畜肉類＞うし［交雑牛肉］リブロース脂身生,831,3.6,86.7,0,0
1518,＜畜肉類＞うし［交雑牛肉］ばら脂身つき生,470,12.2,44.4,0.3,0.2
1519,＜畜肉類＞うし［交雑牛肉］もも脂身つき生,343,16.4,28.9,0.4,0.2
1520,＜畜肉類＞うし［交雑牛肉］もも皮下脂肪なし生,282,18.3,21.6,0.4,0.2
1521,＜畜肉類＞うし［交雑牛肉］もも皮下脂肪なし焼き,367,25,27.6,0.5,0.2
1522,＜畜肉類＞うし［交雑牛肉］もも皮下脂肪なしゆで,375,25.7,28.2,0.2,0.1
1523,＜畜肉類＞うし［交雑牛肉］もも赤肉生,248,19.3,17.5,0.5,0.2
1524,＜畜肉類＞うし［交雑牛肉］もも脂身生,734,4.8,75.8,0.1,0.1
1525,＜畜肉類＞うし［交雑牛肉］ヒレ赤肉生,251,19,18,0.4,0.1
1526,＜畜肉類＞うし［輸入牛肉］かた脂身つき生,180,19,10.6,0.1,0.1
1527,＜畜肉類＞うし［輸入牛肉］かた皮下脂肪なし生,157,19.6,7.8,0.1,0.1
1528,＜畜肉類＞うし［輸入牛肉］かた赤肉生,130,20.4,4.6,0.1,0.1
1529,＜畜肉類＞うし［輸入牛肉］かた脂身生,599,7.1,60.5,0,0.1
1530,＜畜肉類＞うし［輸入牛肉］かたロース脂身つき生,240,17.9,17.4,0.1,0.1
1531,＜畜肉類＞うし［輸入牛肉］かたロース皮下脂肪なし生,237,18,17.1,0.1,0.1
1532,＜畜肉類＞うし［輸入牛肉］かたロース赤肉生,173,19.7,9.5,0.1,0.1
1533,＜畜肉類＞うし［輸入牛肉］リブロース脂身つき生,231,20.1,15.4,0.4,0.1
1534,＜畜肉類＞うし［輸入牛肉］リブロース脂身つき焼き,332,25,23.9,0.3,0.1
1535,＜畜肉類＞うし［輸入牛肉］リブロース脂身つきゆで,335,25.8,23.9,0.1,0
1536,＜畜肉類＞うし［輸入牛肉］リブロース皮下脂肪なし生,223,20.3,14.4,0.4,0.1
1537,＜畜肉類＞うし［輸入牛肉］リブロース赤肉生,179,21.7,9.1,0.4,0.1
1538,＜畜肉類＞うし［輸入牛肉］リブロース脂身生,712,5.7,73.1,0.1,0
1539,＜畜肉類＞うし［輸入牛肉］サーロイン脂身つき生,298,17.4,23.7,0.4,0.1
1540,＜畜肉類＞うし［輸入牛肉］サーロイン皮下脂肪なし生,238,19.1,16.5,0.4,0.1
1541,＜畜肉類＞うし［輸入牛肉］サーロイン赤肉生,136,22,4.4,0.5,0.1
1542,＜畜肉類＞うし［輸入牛肉］ばら脂身つき生,371,14.4,32.9,0.2,0.1
1543,＜畜肉類＞うし［輸入牛肉］もも脂身つき生,165,19.6,8.6,0.4,0.1
1544,＜畜肉類＞うし［輸入牛肉］もも皮下脂肪なし生,149,20,6.7,0.4,0.1
1545,＜畜肉類＞うし［輸入牛肉］もも皮下脂肪なし焼き,253,28,14.1,0.4,0.1
1546,＜畜肉類＞うし［輸入牛肉］もも皮下脂肪なしゆで,231,30,11,0.2,0
1547,＜畜肉類＞うし［輸入牛肉］もも赤肉生,132,21.2,4.3,0.4,0.1
1548,＜畜肉類＞うし［輸入牛肉］もも脂身生,633,6.3,64.4,0.2,0
1549,＜畜肉類＞うし［輸入牛肉］そともも脂身つき生,215,18.7,14.3,0.3,0.1
1550,＜畜肉類＞うし［輸入牛肉］そともも皮下脂肪なし生,195,19.3,11.9,0.3,0.1
1551,＜畜肉類＞うし［輸入牛肉］そともも赤肉生,127,21.2,3.9,0.3,0.1
1552,＜畜肉類＞うし［輸入牛肉］ランプ脂身つき生,234,18.4,16.4,0.4,0.1
1553,＜畜肉類＞うし［輸入牛肉］ランプ皮下脂肪なし生,190,19.7,11.1,0.5,0.1
1554,＜畜肉類＞うし［輸入牛肉］ランプ赤肉生,121,21.6,3,0.5,0.1
1555,＜畜肉類＞うし［輸入牛肉］ヒレ赤肉生,133,20.5,4.8,0.3,0.1
1556,＜畜肉類＞うし［子牛肉］リブロース皮下脂肪なし生,101,21.7,0.9,0.3,0.2
1557,＜畜肉類＞うし［子牛肉］ばら皮下脂肪なし生,122,20.9,3.6,0,0.3
1558,＜畜肉類＞うし［子牛肉］もも皮下脂肪なし生,116,21.2,2.7,0.2,0.1
1559,＜畜肉類＞うし［ひき肉］生,272,17.1,21.1,0.3,0.2
1560,＜畜肉類＞うし［ひき肉］焼き,311,25.9,21.3,0.4,0.2
1561,＜畜肉類＞うし［副生物］舌生,356,13.3,31.8,0.2,0.2
1562,＜畜肉類＞うし［副生物］舌焼き,435,20.2,37.1,0.2,0.2
1563,＜畜肉類＞うし［副生物］心臓生,142,16.5,7.6,0.1,0.2
1564,＜畜肉類＞うし［副生物］肝臓生,132,19.6,3.7,3.7,0.1
1565,＜畜肉類＞うし［副生物］じん臓生,131,16.7,6.4,0.2,0.2
1566,＜畜肉類＞うし［副生物］第一胃ゆで,182,24.5,8.4,0,0.1
1567,＜畜肉類＞うし［副生物］第二胃ゆで,200,12.4,15.7,0,0.1
1568,＜畜肉類＞うし［副生物］第三胃生,62,11.7,1.3,0,0.1
1569,＜畜肉類＞うし［副生物］第四胃ゆで,329,11.1,30,0,0.1
1570,＜畜肉類＞うし［副生物］小腸生,287,9.9,26.1,0,0.2
1571,＜畜肉類＞うし［副生物］大腸生,162,9.3,13,0,0.2
1572,＜畜肉類＞うし［副生物］直腸生,115,11.6,7,0,0.2
1573,＜畜肉類＞うし［副生物］腱ゆで,155,28.3,4.9,0,0.2
1574,＜畜肉類＞うし［副生物］子宮ゆで,106,18.4,3,0,0.2
1575,＜畜肉類＞うし［副生物］尾生,492,11.6,47.1,0,0.1
1576,＜畜肉類＞うし［副生物］横隔膜生,301,14.9,25.2,0.3,0.1
1577,＜畜肉類＞うし［加工品］ローストビーフ,196,21.7,11.7,0.9,0.8
1578,＜畜肉類＞うし［加工品］コンビーフ缶詰,203,19.8,13,1.7,1.8
1579,＜畜肉類＞うし［加工品］味付け缶詰,156,19.2,4.4,9.9,1.8
1580,＜畜肉類＞うし［加工品］ビーフジャーキー,315,54.8,7.8,6.4,4.8
1581,＜畜肉類＞うし［加工品］スモークタン,283,18.1,23,0.9,1.6
1582,＜畜肉類＞うま肉赤肉生,110,20.1,2.5,0.3,0.1
1583,＜畜肉類＞くじら肉赤肉生,106,24.1,0.4,0.2,0.2
1584,＜畜肉類＞くじらうねす生,376,18.8,31.4,0.2,0.4
1585,＜畜肉類＞くじら本皮生,689,9.7,68.8,0.2,0.1
1586,＜畜肉類＞くじらさらしくじら,31,5.3,0.9,0,0
1587,＜畜肉類＞しかあかしか赤肉生,110,22.3,1.5,0.5,0.1
1588,＜畜肉類＞しかにほんじか赤肉生,147,22.6,5.2,0.6,0.1
1589,＜畜肉類＞ぶた［大型種肉］かた脂身つき生,216,18.5,14.6,0.2,0.1
1590,＜畜肉類＞ぶた［大型種肉］かた皮下脂肪なし生,171,19.7,9.3,0.2,0.1
1591,＜畜肉類＞ぶた［大型種肉］かた赤肉生,125,20.9,3.8,0.2,0.1
1592,＜畜肉類＞ぶた［大型種肉］かた脂身生,704,5.3,72.4,0,0.1
1593,＜畜肉類＞ぶた［大型種肉］かたロース脂身つき生,253,17.1,19.2,0.1,0.1
1594,＜畜肉類＞ぶた［大型種肉］かたロース皮下脂肪なし生,226,17.8,16,0.1,0.1
1595,＜畜肉類＞ぶた［大型種肉］かたロース赤肉生,157,19.7,7.8,0.1,0.2
1596,＜畜肉類＞ぶた［大型種肉］かたロース脂身生,688,5.4,70.7,0,0.1
1597,＜畜肉類＞ぶた［大型種肉］ロース脂身つき生,263,19.3,19.2,0.2,0.1
1598,＜畜肉類＞ぶた［大型種肉］ロース脂身つき焼き,328,26.7,22.7,0.3,0.1
1599,＜畜肉類＞ぶた［大型種肉］ロース脂身つきゆで,329,23.9,24.1,0.3,0.1
1600,＜畜肉類＞ぶた［大型種肉］ロース脂身つきとんかつ,450,22,35.9,9.8,0.3
1601,＜畜肉類＞ぶた［大型種肉］ロース皮下脂肪なし生,202,21.1,11.9,0.3,0.1
1602,＜畜肉類＞ぶた［大型種肉］ロース赤肉生,150,22.7,5.6,0.3,0.1
1603,＜畜肉類＞ぶた［大型種肉］ロース脂身生,740,5.1,76.3,0,0
1604,＜畜肉類＞ぶた［大型種肉］ばら脂身つき生,395,14.4,35.4,0.1,0.1
1605,＜畜肉類＞ぶた［大型種肉］ばら脂身つき焼き,496,19.6,43.9,0.1,0.1
1606,＜畜肉類＞ぶた［大型種肉］もも脂身つき生,183,20.5,10.2,0.2,0.1
1607,＜畜肉類＞ぶた［大型種肉］もも皮下脂肪なし生,148,21.5,6,0.2,0.1
1608,＜畜肉類＞ぶた［大型種肉］もも皮下脂肪なし焼き,200,30.2,7.6,0.3,0.1
1609,＜畜肉類＞ぶた［大型種肉］もも皮下脂肪なしゆで,199,28.9,8.1,0.3,0.1
1610,＜畜肉類＞ぶた［大型種肉］もも赤肉生,128,22.1,3.6,0.2,0.1
1611,＜畜肉類＞ぶた［大型種肉］もも脂身生,664,6.5,67.6,0,0.1
1612,＜畜肉類＞ぶた［大型種肉］そともも脂身つき生,235,18.8,16.5,0.2,0.1
1613,＜畜肉類＞ぶた［大型種肉］そともも皮下脂肪なし生,187,20.2,10.7,0.2,0.1
1614,＜畜肉類＞ぶた［大型種肉］そともも赤肉生,143,21.4,5.5,0.2,0.1
1615,＜畜肉類＞ぶた［大型種肉］そともも脂身生,669,6.6,68.1,0,0.1
1616,＜畜肉類＞ぶた［大型種肉］ヒレ赤肉生,130,22.2,3.7,0.3,0.1
1617,＜畜肉類＞ぶた［大型種肉］ヒレ赤肉焼き,223,39.3,5.9,0.4,0.2
1618,＜畜肉類＞ぶた［大型種肉］ヒレ赤肉とんかつ,388,25.1,25.3,14.9,0.4
1619,＜畜肉類＞ぶた［中型種肉］かた脂身つき生,239,18.3,17.2,0,0.1
1620,＜畜肉類＞ぶた［中型種肉］かた皮下脂肪なし生,185,19.7,10.8,0,0.1
1621,＜畜肉類＞ぶた［中型種肉］かた赤肉生,123,21.4,3.5,0,0.2
1622,＜畜肉類＞ぶた［中型種肉］かた脂身生,733,4.9,75.7,0,0.1
1623,＜畜肉類＞ぶた［中型種肉］かたロース脂身つき生,256,17.7,19.3,0,0.1
1624,＜畜肉類＞ぶた［中型種肉］かたロース皮下脂肪なし生,226,18.5,15.7,0,0.1
1625,＜畜肉類＞ぶた［中型種肉］かたロース赤肉生,151,20.6,6.8,0,0.2
1626,＜畜肉類＞ぶた［中型種肉］かたロース脂身生,699,5.4,71.9,0,0.1
1627,＜畜肉類＞ぶた［中型種肉］ロース脂身つき生,291,18.3,22.6,0.2,0.1
1628,＜畜肉類＞ぶた［中型種肉］ロース皮下脂肪なし生,216,20.6,13.6,0.2,0.1
1629,＜畜肉類＞ぶた［中型種肉］ロース赤肉生,141,22.9,4.6,0.2,0.1
1630,＜畜肉類＞ぶた［中型種肉］ロース脂身生,754,4.1,78.3,0,0
1631,＜畜肉類＞ぶた［中型種肉］ばら脂身つき生,434,13.4,40.1,0,0.1
1632,＜畜肉類＞ぶた［中型種肉］もも脂身つき生,225,19.5,15.1,0.2,0.1
1633,＜畜肉類＞ぶた［中型種肉］もも皮下脂肪なし生,164,21.3,7.8,0.2,0.1
1634,＜畜肉類＞ぶた［中型種肉］もも赤肉生,143,21.9,5.3,0.2,0.1
1635,＜畜肉類＞ぶた［中型種肉］もも脂身生,716,5.2,73.8,0,0
1636,＜畜肉類＞ぶた［中型種肉］そともも脂身つき生,268,18,20.3,0.2,0.1
1637,＜畜肉類＞ぶた［中型種肉］そともも皮下脂肪なし生,169,21,8.5,0.2,0.1
1638,＜畜肉類＞ぶた［中型種肉］そともも赤肉生,138,21.9,4.8,0.2,0.1
1639,＜畜肉類＞ぶた［中型種肉］そともも脂身生,703,4.9,72.5,0,0.1
1640,＜畜肉類＞ぶた［中型種肉］ヒレ赤肉生,112,22.7,1.7,0.1,0.1
1641,＜畜肉類＞ぶた［ひき肉］生,236,17.7,17.2,0.1,0.1
1642,＜畜肉類＞ぶた［ひき肉］焼き,311,25.7,21.5,0.1,0.2
1643,＜畜肉類＞ぶた［副生物］舌生,221,15.9,16.3,0.1,0.2
1644,＜畜肉類＞ぶた［副生物］心臓生,135,16.2,7,0.1,0.2
1645,＜畜肉類＞ぶた［副生物］肝臓生,128,20.4,3.4,2.5,0.1
1646,＜畜肉類＞ぶた［副生物］じん臓生,114,14.1,5.8,0,0.4
1647,＜畜肉類＞ぶた［副生物］胃ゆで,121,17.4,5.1,0,0.3
1648,＜畜肉類＞ぶた［副生物］小腸ゆで,171,14,11.9,0,0
1649,＜畜肉類＞ぶた［副生物］大腸ゆで,179,11.7,13.8,0,0.1
1650,＜畜肉類＞ぶた［副生物］子宮生,70,14.6,0.9,0,0.3
1651,＜畜肉類＞ぶた［副生物］豚足ゆで,230,20.1,16.8,0,0.3
1652,＜畜肉類＞ぶた［副生物］軟骨ゆで,231,17.8,17.9,0,0.3
1653,＜畜肉類＞ぶた［ハム類］骨付きハム,219,16.7,16.6,0.8,2.5
1654,＜畜肉類＞ぶた［ハム類］ボンレスハム,118,18.7,4,1.8,2.8
1655,＜畜肉類＞ぶた［ハム類］ロースハム,196,16.5,13.9,1.3,2.5
1656,＜畜肉類＞ぶた［ハム類］ショルダーハム,231,16.1,18.2,0.6,1.6
1657,＜畜肉類＞ぶた［ハム類］生ハム促成,247,24,16.6,0.5,2.8
1658,＜畜肉類＞ぶた［ハム類］生ハム長期熟成,268,25.7,18.4,0,5.6
1659,＜畜肉類＞ぶた［プレスハム類］プレスハム,118,15.4,4.5,3.9,2.4
1660,＜畜肉類＞ぶた［プレスハム類］チョップドハム,135,11.7,4.2,12.7,2.5
1661,＜畜肉類＞ぶた［ベーコン類］ベーコン,405,12.9,39.1,0.3,2
1662,＜畜肉類＞ぶた［ベーコン類］ロースベーコン,211,16.8,14.6,3.2,2.2
1663,＜畜肉類＞ぶた［ベーコン類］ショルダーベーコン,186,17.2,11.9,2.5,2.4
1664,＜畜肉類＞ぶた［ソーセージ類］ウインナーソーセージ,321,13.2,28.5,3,1.9
1665,＜畜肉類＞ぶた［ソーセージ類］セミドライソーセージ,339,15.4,29.7,2.6,2.8
1666,＜畜肉類＞ぶた［ソーセージ類］ドライソーセージ,497,25.4,43,2.1,3.6
1667,＜畜肉類＞ぶた［ソーセージ類］フランクフルトソーセージ,298,12.7,24.7,6.2,1.9
1668,＜畜肉類＞ぶた［ソーセージ類］ボロニアソーセージ,251,12.5,21,2.9,2.1
1669,＜畜肉類＞ぶた［ソーセージ類］リオナソーセージ,192,14.9,13.1,3.7,2.3
1670,＜畜肉類＞ぶた［ソーセージ類］レバーソーセージ,368,14.7,33.5,1.9,1.7
1671,＜畜肉類＞ぶた［ソーセージ類］混合ソーセージ,270,11.8,22.7,4.7,2.2
1672,＜畜肉類＞ぶた［ソーセージ類］生ソーセージ,279,14,24.4,0.8,1.7
1673,＜畜肉類＞ぶた［その他］焼き豚,172,19.4,8.2,5.1,2.4
1674,＜畜肉類＞ぶた［その他］レバーペースト,378,12.9,34.7,3.6,2.2
1675,＜畜肉類＞ぶた［その他］スモークレバー,198,29.6,7.7,2.6,1.8
1676,＜畜肉類＞ぶた［その他］ゼラチン,344,87.6,0.3,0,0.7
1677,＜畜肉類＞めんよう［マトン］ロース脂身つき生,225,19.8,15,0.2,0.2
1678,＜畜肉類＞めんよう［マトン］ロース脂身つき焼き,358,28.9,24.9,0.2,0.2
1680,＜畜肉類＞めんよう［マトン］もも脂身つき生,224,18.8,15.3,0.1,0.1
1681,＜畜肉類＞めんよう［ラム］かた脂身つき生,233,17.1,17.1,0.1,0.2
1682,＜畜肉類＞めんよう［ラム］ロース脂身つき生,310,15.6,25.9,0.2,0.2
1683,＜畜肉類＞めんよう［ラム］ロース脂身つき焼き,388,21.8,31.4,0.2,0.2
1685,＜畜肉類＞めんよう［ラム］もも脂身つき生,198,20,12,0.3,0.2
1686,＜畜肉類＞めんよう［ラム］もも脂身つき焼き,312,28.6,20.3,0.3,0.2
1687,＜畜肉類＞めんよう混合プレスハム,107,14.4,4.1,3,2.2
1688,＜畜肉類＞やぎ肉赤肉生,107,21.9,1.5,0.2,0.1
1689,＜鳥肉類＞うずら肉皮つき生,208,20.5,12.9,0.1,0.1
1690,＜鳥肉類＞がちょうフォアグラゆで,510,8.3,49.9,1.5,0.1
1691,＜鳥肉類＞かもまがも肉皮なし生,128,23.6,3,0.1,0.2
1692,＜鳥肉類＞かもあいがも肉皮つき生,333,14.2,29,0.1,0.2
1693,＜鳥肉類＞かもあひる肉皮つき生,250,14.9,19.8,0.1,0.2
1694,＜鳥肉類＞かもあひる肉皮なし生,106,20.1,2.2,0.2,0.2
1695,＜鳥肉類＞かもあひる皮生,462,7.3,45.8,0,0.1
1696,＜鳥肉類＞きじ肉皮なし生,108,23,1.1,0.1,0.1
1697,＜鳥肉類＞しちめんちょう肉皮なし生,106,23.5,0.7,0.1,0.1
1698,＜鳥肉類＞すずめ肉骨・皮つき生,132,18.1,5.9,0.1,0.2
1699,＜鳥肉類＞にわとり［成鶏肉］手羽皮つき生,195,23,10.4,0,0.1
1700,＜鳥肉類＞にわとり［成鶏肉］むね皮つき生,244,19.5,17.2,0,0.1
1701,＜鳥肉類＞にわとり［成鶏肉］むね皮なし生,121,24.4,1.9,0,0.1
1702,＜鳥肉類＞にわとり［成鶏肉］もも皮つき生,253,17.3,19.1,0,0.1
1703,＜鳥肉類＞にわとり［成鶏肉］もも皮なし生,138,22,4.8,0,0.1
1704,＜鳥肉類＞にわとり［成鶏肉］ささ身生,114,24.6,1.1,0,0.1
1705,＜鳥肉類＞にわとり［若鶏肉］手羽皮つき生,210,17.8,14.3,0,0.2
1706,＜鳥肉類＞にわとり［若鶏肉］手羽先皮つき生,226,17.4,16.2,0,0.2
1707,＜鳥肉類＞にわとり［若鶏肉］手羽元皮つき生,197,18.2,12.8,0,0.2
1708,＜鳥肉類＞にわとり［若鶏肉］むね皮つき生,145,21.3,5.9,0.1,0.1
1709,＜鳥肉類＞にわとり［若鶏肉］むね皮つき焼き,233,34.7,9.1,0.1,0.2
1710,＜鳥肉類＞にわとり［若鶏肉］むね皮なし生,116,23.3,1.9,0.1,0.1
1711,＜鳥肉類＞にわとり［若鶏肉］むね皮なし焼き,195,38.8,3.3,0.1,0.2
1712,＜鳥肉類＞にわとり［若鶏肉］もも皮つき生,204,16.6,14.2,0,0.2
1713,＜鳥肉類＞にわとり［若鶏肉］もも皮つき焼き,241,26.3,13.9,0,0.2
1714,＜鳥肉類＞にわとり［若鶏肉］もも皮つきゆで,237,22.3,15.2,0,0.1
1715,＜鳥肉類＞にわとり［若鶏肉］もも皮つきから揚げ,313,24.2,18.1,13.3,2.5
1716,＜鳥肉類＞にわとり［若鶏肉］もも皮なし生,127,19,5,0,0.2
1717,＜鳥肉類＞にわとり［若鶏肉］もも皮なし焼き,161,25.5,5.7,0,0.2
1718,＜鳥肉類＞にわとり［若鶏肉］もも皮なしゆで,155,25.1,5.2,0,0.1
1719,＜鳥肉類＞にわとり［若鶏肉］もも皮なしから揚げ,255,25.4,11.4,12.7,2.7
1720,＜鳥肉類＞にわとり［若鶏肉］ささ身生,105,23,0.8,0,0.1
1721,＜鳥肉類＞にわとり［若鶏肉］ささ身焼き,127,27.3,1.3,0,0.1
1722,＜鳥肉類＞にわとり［若鶏肉］ささ身ゆで,125,27.3,1,0,0.1
1723,＜鳥肉類＞にわとり［ひき肉］生,186,17.5,12,0,0.1
1724,＜鳥肉類＞にわとり［ひき肉］焼き,255,27.5,14.8,0,0.2
1725,＜鳥肉類＞にわとり［副生物］心臓生,207,14.5,15.5,0,0.2
1726,＜鳥肉類＞にわとり［副生物］肝臓生,111,18.9,3.1,0.6,0.2
1727,＜鳥肉類＞にわとり［副生物］筋胃生,94,18.3,1.8,0,0.1
1728,＜鳥肉類＞にわとり［副生物］皮むね生,492,9.4,48.1,0,0.1
1729,＜鳥肉類＞にわとり［副生物］皮もも生,513,6.6,51.6,0,0.1
1730,＜鳥肉類＞にわとり［副生物］軟骨生,54,12.5,0.4,0.4,1
1731,＜鳥肉類＞にわとり［その他］焼き鳥缶詰,177,18.4,7.8,8.2,2.2
1732,＜鳥肉類＞にわとり［その他］チキンナゲット,245,15.5,13.7,14.9,1.6
1733,＜鳥肉類＞にわとり［その他］つくね,235,15.2,15.2,9.3,1.8
1734,＜鳥肉類＞はと肉皮なし生,141,21.8,5.1,0.3,0.2
1735,＜鳥肉類＞ほろほろちょう肉皮なし生,105,22.5,1,0.2,0.2
1736,＜その他＞いなごつくだ煮,247,26.3,1.4,32.3,4.8
1737,＜その他＞かえる肉生,99,22.3,0.4,0.3,0.1
1738,＜その他＞すっぽん肉生,197,16.4,13.4,0.5,0.2
1739,＜その他＞はちはちの子缶詰,250,16.2,7.2,30.2,1.7
1740,あひる卵ピータン,214,13.7,16.5,0,2
1741,うこっけい卵全卵生,176,12,13,0.4,0.4
1742,うずら卵全卵生,179,12.6,13.1,0.3,0.3
1743,うずら卵水煮缶詰,182,11,14.1,0.6,0.5
1744,鶏卵全卵生,151,12.3,10.3,0.3,0.4
1745,鶏卵全卵ゆで,151,12.9,10,0.3,0.3
1746,鶏卵全卵ポーチドエッグ,164,12.3,11.7,0.2,0.3
1747,鶏卵全卵水煮缶詰,146,10.8,10.6,0,0.8
1748,鶏卵全卵加糖全卵,217,9.8,10.6,20.7,0.3
1749,鶏卵全卵乾燥全卵,608,49.1,42,0.2,1.2
1750,鶏卵卵黄生,387,16.5,33.5,0.1,0.1
1751,鶏卵卵黄ゆで,386,16.7,33.3,0.2,0.1
1752,鶏卵卵黄加糖卵黄,346,12.1,23.9,20.7,0.1
1753,鶏卵卵黄乾燥卵黄,724,30.3,62.9,0.2,0.2
1754,鶏卵卵白生,47,10.5,0,0.4,0.5
1755,鶏卵卵白ゆで,50,11.3,0.1,0.4,0.4
1756,鶏卵卵白乾燥卵白,378,86.5,0.4,0.2,3.3
1757,鶏卵たまご豆腐,79,6.4,5,2,0.9
1758,鶏卵たまご焼厚焼きたまご,151,10.8,9.1,6.4,1.1
1759,鶏卵たまご焼だし巻きたまご,128,11.2,9,0.5,1.2
1760,＜牛乳及び乳製品＞（液状乳類）生乳ジャージー種,80,3.6,5.1,4.7,0.1
1761,＜牛乳及び乳製品＞（液状乳類）生乳ホルスタイン種,66,3.2,3.7,4.7,0.1
1762,＜牛乳及び乳製品＞（液状乳類）普通牛乳,67,3.3,3.8,4.8,0.1
1763,＜牛乳及び乳製品＞（液状乳類）加工乳濃厚,73,3.5,4.2,5.2,0.1
1764,＜牛乳及び乳製品＞（液状乳類）加工乳低脂肪,46,3.8,1,5.5,0.2
1765,＜牛乳及び乳製品＞（液状乳類）脱脂乳,33,3.4,0.1,4.7,0.1
1766,＜牛乳及び乳製品＞（液状乳類）乳飲料コーヒー,56,2.2,2,7.2,0.1
1767,＜牛乳及び乳製品＞（液状乳類）乳飲料フルーツ,46,1.2,0.2,9.9,0.1
1768,＜牛乳及び乳製品＞（粉乳類）全粉乳,500,25.5,26.2,39.3,1.1
1769,＜牛乳及び乳製品＞（粉乳類）脱脂粉乳,359,34,1,53.3,1.4
1770,＜牛乳及び乳製品＞（粉乳類）乳児用調製粉乳,514,12.4,26.8,55.9,0.4
1771,＜牛乳及び乳製品＞（練乳類）無糖練乳,144,6.8,7.9,11.2,0.4
1772,＜牛乳及び乳製品＞（練乳類）加糖練乳,332,7.7,8.5,56,0.2
1773,＜牛乳及び乳製品＞（クリーム類）クリーム乳脂肪,433,2,45,3.1,0.1
1774,＜牛乳及び乳製品＞（クリーム類）クリーム乳脂肪・植物性脂肪,409,4.4,42.1,3,0.4
1775,＜牛乳及び乳製品＞（クリーム類）クリーム植物性脂肪,392,6.8,39.2,2.9,0.6
1776,＜牛乳及び乳製品＞（クリーム類）ホイップクリーム乳脂肪,425,1.8,40.7,12.9,0.1
1777,＜牛乳及び乳製品＞（クリーム類）ホイップクリーム乳脂肪・植物性脂肪,413,4,38.4,12.9,0.3
1778,＜牛乳及び乳製品＞（クリーム類）ホイップクリーム植物性脂肪,402,6.3,36.1,12.9,0.6
1779,＜牛乳及び乳製品＞（クリーム類）コーヒーホワイトナー液状乳脂肪,211,5.2,18.3,5.5,0.4
1780,＜牛乳及び乳製品＞（クリーム類）コーヒーホワイトナー液状乳脂肪・植物性脂肪,228,4.8,21.6,3.7,0.4
1781,＜牛乳及び乳製品＞（クリーム類）コーヒーホワイトナー液状植物性脂肪,248,4.3,24.8,1.8,0.4
1782,＜牛乳及び乳製品＞（クリーム類）コーヒーホワイトナー粉末状乳脂肪,518,7.7,27.6,60.1,0.9
1783,＜牛乳及び乳製品＞（クリーム類）コーヒーホワイトナー粉末状植物性脂肪,568,2.8,38.3,53.1,1.8
1784,＜牛乳及び乳製品＞（発酵乳・乳酸菌飲料）ヨーグルト全脂無糖,62,3.6,3,4.9,0.1
1785,＜牛乳及び乳製品＞（発酵乳・乳酸菌飲料）ヨーグルト低脂肪無糖,45,3.7,1,5.2,0.1
1786,＜牛乳及び乳製品＞（発酵乳・乳酸菌飲料）ヨーグルト無脂肪無糖,42,4,0.3,5.7,0.1
1787,＜牛乳及び乳製品＞（発酵乳・乳酸菌飲料）ヨーグルト脱脂加糖,67,4.3,0.2,11.9,0.2
1788,＜牛乳及び乳製品＞（発酵乳・乳酸菌飲料）ヨーグルトドリンクタイプ加糖,65,2.9,0.5,12.2,0.1
1789,＜牛乳及び乳製品＞（発酵乳・乳酸菌飲料）乳酸菌飲料乳製品,71,1.1,0.1,16.4,0
1790,＜牛乳及び乳製品＞（発酵乳・乳酸菌飲料）乳酸菌飲料殺菌乳製品,217,1.5,0.1,52.6,0
1791,＜牛乳及び乳製品＞（発酵乳・乳酸菌飲料）乳酸菌飲料非乳製品,58,0.4,0,14,0
1792,＜牛乳及び乳製品＞（チーズ類）ナチュラルチーズエダム,356,28.9,25,1.4,2
1793,＜牛乳及び乳製品＞（チーズ類）ナチュラルチーズエメンタール,429,27.3,33.6,1.6,1.3
1794,＜牛乳及び乳製品＞（チーズ類）ナチュラルチーズカテージ,105,13.3,4.5,1.9,1
1795,＜牛乳及び乳製品＞（チーズ類）ナチュラルチーズカマンベール,310,19.1,24.7,0.9,2
1796,＜牛乳及び乳製品＞（チーズ類）ナチュラルチーズクリーム,346,8.2,33,2.3,0.7
1797,＜牛乳及び乳製品＞（チーズ類）ナチュラルチーズゴーダ,380,25.8,29,1.4,2
1798,＜牛乳及び乳製品＞（チーズ類）ナチュラルチーズチェダー,423,25.7,33.8,1.4,2
1799,＜牛乳及び乳製品＞（チーズ類）ナチュラルチーズパルメザン,475,44,30.8,1.9,3.8
1800,＜牛乳及び乳製品＞（チーズ類）ナチュラルチーズブルー,349,18.8,29,1,3.8
1801,＜牛乳及び乳製品＞（チーズ類）ナチュラルチーズマスカルポーネ,293,4.4,28.2,4.3,0.1
1802,＜牛乳及び乳製品＞（チーズ類）ナチュラルチーズモッツァレラ,276,18.4,19.9,4.2,0.2
1803,＜牛乳及び乳製品＞（チーズ類）ナチュラルチーズやぎ,296,20.6,21.7,2.7,1.2
1804,＜牛乳及び乳製品＞（チーズ類）ナチュラルチーズリコッタ,162,7.1,11.5,6.7,0.4
1805,＜牛乳及び乳製品＞（チーズ類）プロセスチーズ,339,22.7,26,1.3,2.8
1806,＜牛乳及び乳製品＞（チーズ類）チーズスプレッド,305,15.9,25.7,0.6,2.5
1807,＜牛乳及び乳製品＞（アイスクリーム類）アイスクリーム高脂肪,212,3.5,12,22.4,0.2
1808,＜牛乳及び乳製品＞（アイスクリーム類）アイスクリーム普通脂肪,180,3.9,8,23.2,0.3
1809,＜牛乳及び乳製品＞（アイスクリーム類）アイスミルク,167,3.4,6.4,23.9,0.2
1810,＜牛乳及び乳製品＞（アイスクリーム類）ラクトアイス普通脂肪,224,3.1,13.6,22.2,0.2
1811,＜牛乳及び乳製品＞（アイスクリーム類）ラクトアイス低脂肪,108,1.8,2,20.6,0.1
1812,＜牛乳及び乳製品＞（アイスクリーム類）ソフトクリーム,146,3.8,5.6,20.1,0.2
1813,＜牛乳及び乳製品＞（その他）カゼイン,378,86.2,1.5,0,0
1814,＜牛乳及び乳製品＞（その他）シャーベット,127,0.9,1,28.7,0
1815,＜牛乳及び乳製品＞（その他）チーズホエーパウダー,362,12.5,1.2,77,1.8
1816,＜その他＞人乳,65,1.1,3.5,7.2,0
1817,＜その他＞やぎ乳,63,3.1,3.6,4.5,0.1
1818,（植物油脂類）あまに油,921,0,100,0,0
1819,（植物油脂類）えごま油,921,0,100,0,0
1820,（植物油脂類）オリーブ油,921,0,100,0,0
1821,（植物油脂類）ごま油,921,0,100,0,0
1822,（植物油脂類）米ぬか油,921,0,100,0,0
1823,（植物油脂類）サフラワー油ハイオレイック,921,0,100,0,0
1824,（植物油脂類）サフラワー油ハイリノール,921,0,100,0,0
1825,（植物油脂類）大豆油,921,0,100,0,0
1826,（植物油脂類）調合油,921,0,100,0,0
1827,（植物油脂類）とうもろこし油,921,0,100,0,0
1828,（植物油脂類）なたね油,921,0,100,0,0
1829,（植物油脂類）パーム油,921,0,100,0,0
1830,（植物油脂類）パーム核油,921,0,100,0,0
1831,（植物油脂類）ひまわり油ハイリノール,921,0,100,0,0
1832,（植物油脂類）ひまわり油ミッドオレイック,921,0,100,0,0
1833,（植物油脂類）ひまわり油ハイオレイック,921,0,100,0,0
1834,（植物油脂類）ぶどう油,921,0,100,0,0
1835,（植物油脂類）綿実油,921,0,100,0,0
1836,（植物油脂類）やし油,921,0,100,0,0
1837,（植物油脂類）落花生油,921,0,100,0,0
1838,（動物脂類）牛脂,940,0.2,99.8,0,0
1839,（動物脂類）ラード,941,0,100,0,0
1840,（バター類）有塩バター,745,0.6,81,0.2,1.9
1841,（バター類）食塩不使用バター,763,0.5,83,0.2,0
1842,（バター類）発酵バター,752,0.6,80,4.4,1.3
1843,（マーガリン類）ソフトタイプマーガリン家庭用,769,0.4,83.1,0.4,1.3
1844,（マーガリン類）ソフトタイプマーガリン業務用,778,0.3,84.3,0.1,1.3
1845,（マーガリン類）ファットスプレッド,637,0.2,69.1,0,1.1
1846,（その他）ショートニング家庭用,920,0,99.9,0,0
1847,（その他）ショートニング業務用製菓,921,0,99.9,0,0
1848,（その他）ショートニング業務用フライ,920,0,99.9,0,0
1849,＜和生菓子・和半生菓子類＞甘納豆あずき,296,5.6,0.6,67.1,0.1
1850,＜和生菓子・和半生菓子類＞甘納豆いんげんまめ,302,5.5,1.1,67.6,0.2
1851,＜和生菓子・和半生菓子類＞甘納豆えんどう,310,5.2,1,70.1,0.2
1852,＜和生菓子・和半生菓子類＞今川焼,221,4.5,1,48.5,0.1
1853,＜和生菓子・和半生菓子類＞ういろう,183,1.1,0.2,44.1,0
1854,＜和生菓子・和半生菓子類＞うぐいすもち,241,3.6,0.4,55.7,0.1
1855,＜和生菓子・和半生菓子類＞かしわもち,206,4,0.4,46.7,0.1
1856,＜和生菓子・和半生菓子類＞カステラ,319,6.2,4.6,63.2,0.1
1857,＜和生菓子・和半生菓子類＞かのこ,264,4.8,0.4,60.4,0.1
1858,＜和生菓子・和半生菓子類＞かるかん,230,2.1,0.3,54.7,0
1859,＜和生菓子・和半生菓子類＞きび団子,304,1.7,0.3,73.5,0
1860,＜和生菓子・和半生菓子類＞ぎゅうひ,257,1.3,0.2,62.5,0
1861,＜和生菓子・和半生菓子類＞きりざんしょ,248,2.1,0.3,59.3,0.2
1862,＜和生菓子・和半生菓子類＞きんぎょく糖,288,0,0,72,0
1863,＜和生菓子・和半生菓子類＞きんつば,265,6,0.7,58.6,0.3
1864,＜和生菓子・和半生菓子類＞草もち,229,4.2,0.4,52.1,0
1865,＜和生菓子・和半生菓子類＞くし団子あん,201,3.8,0.4,45.5,0.1
1866,＜和生菓子・和半生菓子類＞くし団子みたらし,197,3.1,0.4,45.2,0.6
1867,＜和生菓子・和半生菓子類＞くずもちくずでん粉製品,91,0.1,0.1,22.5,0
1868,＜和生菓子・和半生菓子類＞くずもち小麦でん粉製品,91,0.1,0.1,22.4,0
1869,＜和生菓子・和半生菓子類＞げっぺい,357,5.2,8.7,64.5,0.1
1870,＜和生菓子・和半生菓子類＞五平もち,181,3,0.5,41,0.6
1871,＜和生菓子・和半生菓子類＞桜もち関東風,239,4.5,0.4,54.3,0.1
1872,＜和生菓子・和半生菓子類＞桜もち関西風,200,3.4,0.2,46.1,0.1
1873,＜和生菓子・和半生菓子類＞笹だんご,239,3.9,0.5,54.7,0.1
1874,＜和生菓子・和半生菓子類＞大福もち,235,4.8,0.5,52.8,0.1
1875,＜和生菓子・和半生菓子類＞タルト（和菓子）,293,5.9,2.9,60.8,0.1
1876,＜和生菓子・和半生菓子類＞ちまき,153,1.3,0.2,36.4,0
1877,＜和生菓子・和半生菓子類＞ちゃつう,328,6.2,4.1,66.5,0
1878,＜和生菓子・和半生菓子類＞どら焼,284,6.6,2.5,58.7,0.4
1879,＜和生菓子・和半生菓子類＞生八つ橋あん入り,279,4.5,0.4,64.3,0
1880,＜和生菓子・和半生菓子類＞ねりきり,264,5.3,0.3,60.1,0
1881,＜和生菓子・和半生菓子類＞まんじゅうカステラまんじゅう,294,6.6,1.6,63.4,0.1
1882,＜和生菓子・和半生菓子類＞まんじゅうくずまんじゅう,220,3.1,0.2,51.4,0.1
1883,＜和生菓子・和半生菓子類＞まんじゅうくりまんじゅう,309,6,1.3,68.2,0.1
1884,＜和生菓子・和半生菓子類＞まんじゅうとうまんじゅう,297,6.2,2.1,63.4,0.1
1885,＜和生菓子・和半生菓子類＞まんじゅう蒸しまんじゅう,260,4.9,0.4,59.2,0.2
1886,＜和生菓子・和半生菓子類＞まんじゅう中華まんじゅうあんまん,280,6.1,5.7,51.1,0
1887,＜和生菓子・和半生菓子類＞まんじゅう中華まんじゅう肉まん,260,10,5.1,43.5,1.2
1888,＜和生菓子・和半生菓子類＞もなか,285,4.8,0.4,65.6,0
1889,＜和生菓子・和半生菓子類＞ゆべし,327,2.4,3.5,71.2,0.6
1890,＜和生菓子・和半生菓子類＞ようかん練りようかん,296,3.6,0.2,70,0
1891,＜和生菓子・和半生菓子類＞ようかん水ようかん,171,2.6,0.1,40,0.1
1892,＜和生菓子・和半生菓子類＞ようかん蒸しようかん,242,4.4,0.3,55.4,0.2
1893,＜和干菓子類＞あめ玉,390,0,0,97.5,0
1894,＜和干菓子類＞芋かりんとう,476,1.4,20.5,71.3,0
1895,＜和干菓子類＞おこし,383,3.8,0.8,90.1,0.2
1896,＜和干菓子類＞おのろけ豆,448,11.7,13.5,69.8,1
1897,＜和干菓子類＞かりんとう黒,440,7.6,11.6,76.3,0
1898,＜和干菓子類＞かりんとう白,444,9.7,11.2,76.2,0
1899,＜和干菓子類＞ごかぼう,387,10.7,6.4,71.6,0
1900,＜和干菓子類＞小麦粉せんべい磯部せんべい,381,4.3,0.8,89.3,1.3
1901,＜和干菓子類＞小麦粉せんべいかわらせんべい,398,7.5,3.5,84,0.3
1902,＜和干菓子類＞小麦粉せんべい巻きせんべい,392,4.3,1.4,90.3,0.1
1903,＜和干菓子類＞小麦粉せんべい南部せんべいごま入り,431,11.2,10.8,72.3,1.1
1904,＜和干菓子類＞小麦粉せんべい南部せんべい落花生入り,428,11.7,9.6,73.8,0.9
1905,＜和干菓子類＞しおがま,355,2.7,0.3,85.4,1.5
1906,＜和干菓子類＞ひなあられ関東風,400,5.1,4.3,85.3,0.2
1907,＜和干菓子類＞ひなあられ関西風,398,7.7,3.1,84.6,1.5
1908,＜和干菓子類＞米菓揚げせんべい,465,5.7,17.5,71.2,1.2
1909,＜和干菓子類＞米菓甘辛せんべい,380,6.7,0.9,86.3,1.2
1910,＜和干菓子類＞米菓あられ,381,7.9,1.4,84.2,1.7
1911,＜和干菓子類＞米菓しょうゆせんべい,373,7.8,1,83.1,2
1912,＜和干菓子類＞ボーロ小粒,391,2.5,2.2,90.4,0.1
1913,＜和干菓子類＞ボーロそばボーロ,406,7.7,3.4,86.1,0.3
1914,＜和干菓子類＞松風,381,4,0.7,89.7,0.1
1915,＜和干菓子類＞みしま豆,430,12.4,8.7,75.6,0
1916,＜和干菓子類＞八つ橋,394,3.3,0.5,94.2,0
1917,＜和干菓子類＞らくがんらくがん,389,2.4,0.2,94.3,0
1918,＜和干菓子類＞らくがん麦らくがん,397,4.7,1.8,90.4,0
1919,＜和干菓子類＞らくがんもろこしらくがん,389,7.3,0.3,89.3,0.3
1920,＜菓子パン類＞揚げパン,377,8.7,18.7,43.5,1.1
1921,＜菓子パン類＞あんパン,280,7.9,5.3,50.2,0.7
1922,＜菓子パン類＞あんパン薄皮タイプ,260,6.6,2.4,52.8,0.4
1923,＜菓子パン類＞カレーパン皮及び具,321,6.6,18.3,32.3,1.2
1924,＜菓子パン類＞カレーパン皮のみ,384,7.2,22.4,38.4,1
1925,＜菓子パン類＞カレーパン具のみ,180,5.3,9.3,18.8,1.8
1926,＜菓子パン類＞クリームパン,305,10.3,10.9,41.4,0.9
1927,＜菓子パン類＞クリームパン薄皮タイプ,227,6.6,8,32.3,0.4
1928,＜菓子パン類＞ジャムパン,297,6.6,5.8,54.5,0.8
1929,＜菓子パン類＞チョココロネ,337,7.1,15.3,42.8,0.9
1930,＜菓子パン類＞チョコパン薄皮タイプ,348,5.5,18.7,39.5,0.6
1931,＜菓子パン類＞メロンパン,366,8,10.5,59.9,0.5
1932,＜ケーキ・ペストリー類＞シュークリーム,228,6,11.3,25.6,0.2
1933,＜ケーキ・ペストリー類＞スポンジケーキ,298,8.1,5.6,53.8,0.2
1934,＜ケーキ・ペストリー類＞ショートケーキ果実なし,327,7.1,13.8,43.6,0.2
1935,＜ケーキ・ペストリー類＞タルト（洋菓子）,262,4.2,13.2,31.4,0.2
1936,＜ケーキ・ペストリー類＞チーズケーキベイクドチーズケーキ,318,8.5,21.2,23.3,0.5
1937,＜ケーキ・ペストリー類＞チーズケーキレアチーズケーキ,364,5.8,28,22.1,0.5
1938,＜ケーキ・ペストリー類＞デニッシュペストリー,417,7,24.7,41.7,0.9
1939,＜ケーキ・ペストリー類＞ドーナッツイーストドーナッツ,386,7.2,20.2,43.9,0.8
1940,＜ケーキ・ペストリー類＞ドーナッツケーキドーナッツ,375,7.2,11.7,60.2,0.4
1941,＜ケーキ・ペストリー類＞パイパイ皮,435,7.7,33.7,25.2,1.3
1942,＜ケーキ・ペストリー類＞パイアップルパイ,304,4,17.5,32.7,0.7
1943,＜ケーキ・ペストリー類＞パイミートパイ,397,9.9,29.9,22,1.6
1944,＜ケーキ・ペストリー類＞バターケーキ,443,5.8,25.4,47.9,0.6
1945,＜ケーキ・ペストリー類＞ホットケーキ,261,7.7,5.4,45.2,0.7
1946,＜ケーキ・ペストリー類＞ワッフルカスタードクリーム入り,252,7.3,7.9,38.1,0.2
1947,＜ケーキ・ペストリー類＞ワッフルジャム入り,287,4.8,4.2,57.3,0.1
1948,＜デザート菓子類＞カスタードプリン,126,5.5,5,14.7,0.2
1949,＜デザート菓子類＞牛乳寒天,65,1.1,1.3,12.2,0
1950,＜デザート菓子類＞ゼリーオレンジ,89,2.1,0.1,19.8,0
1951,＜デザート菓子類＞ゼリーコーヒー,48,1.6,0,10.4,0
1952,＜デザート菓子類＞ゼリーミルク,109,4.3,3.7,14.4,0.1
1953,＜デザート菓子類＞ゼリーワイン,66,1.7,0,13.3,0
1954,＜デザート菓子類＞ババロア,218,5.6,12.8,20,0.1
1955,＜ビスケット類＞ウエハース,454,7.6,13.6,75.3,1.2
1956,＜ビスケット類＞ウエハース、クリーム入り,499,5.9,22,69.4,0.9
1957,＜ビスケット類＞クラッカーオイルスプレークラッカー,492,8.5,22.5,63.9,1.5
1958,＜ビスケット類＞クラッカーソーダクラッカー,427,10.4,9.8,74.4,1.9
1959,＜ビスケット類＞サブレ,465,6.1,16.5,73,0.2
1960,＜ビスケット類＞中華風クッキー,533,5.1,29.5,61.9,0.2
1961,＜ビスケット類＞ビスケットハードビスケット,432,7.6,10,77.8,0.8
1962,＜ビスケット類＞ビスケットソフトビスケット,522,5.7,27.6,62.6,0.6
1963,＜ビスケット類＞プレッツェル,480,9.9,18.6,68.2,1.9
1964,＜ビスケット類＞リーフパイ,566,5.8,35.6,55.8,0.1
1965,＜ビスケット類＞ロシアケーキ,498,5.7,23.6,65.7,0.5
1966,＜スナック類＞小麦粉あられ,481,7.6,19.5,68.8,1.8
1967,＜スナック類＞コーンスナック,526,5.2,27.1,65.3,1.2
1968,＜スナック類＞ポテトチップスポテトチップス,554,4.7,35.2,54.7,1
1969,＜スナック類＞ポテトチップス成形ポテトチップス,540,5.8,32,57.3,0.9
1970,＜キャンデー類＞かわり玉,385,0,0,99.5,0
1971,＜キャンデー類＞キャラメル,433,4,11.7,77.9,0.3
1972,＜キャンデー類＞ゼリーキャンデー,336,0,0,84,0
1973,＜キャンデー類＞ゼリービーンズ,362,0.1,0,90.3,0
1974,＜キャンデー類＞ドロップ,392,0,0,98,0
1975,＜キャンデー類＞バタースコッチ,423,0,6.5,91.1,0.4
1976,＜キャンデー類＞ブリットル,521,13.3,26.5,57.3,0.2
1977,＜キャンデー類＞マシュマロ,326,2.2,0,79.3,0
1978,＜キャンデー類＞ラムネ,373,0,0.5,92.2,0.2
1979,＜チョコレート類＞アーモンドチョコレート,583,11.4,40.4,43.3,0.1
1980,＜チョコレート類＞カバーリングチョコレート,511,7,25.4,63.4,0.4
1981,＜チョコレート類＞ホワイトチョコレート,588,7.2,39.5,50.9,0.2
1982,＜チョコレート類＞ミルクチョコレート,558,6.9,34.1,55.8,0.2
1983,＜果実菓子類＞マロングラッセ,317,1.1,0.3,77.4,0.1
1984,＜チューインガム類＞板ガム,388,0,0,96.9,0
1985,＜チューインガム類＞糖衣ガム,390,0,0,97.6,0
1986,＜チューインガム類＞風船ガム,387,0,0,96.7,0
1987,＜その他＞カスタードクリーム,187,5.1,7.5,24.9,0.1
1988,＜その他＞しるここしあん,216,4.7,0.3,48.7,0
1989,＜その他＞しるこつぶしあん,183,4.2,0.5,40.5,0.1
1990,＜アルコール飲料類＞（醸造酒類）清酒普通酒,109,0.4,0,4.9,0
1991,＜アルコール飲料類＞（醸造酒類）清酒純米酒,103,0.4,0,3.6,0
1992,＜アルコール飲料類＞（醸造酒類）清酒本醸造酒,107,0.4,0,4.5,0
1993,＜アルコール飲料類＞（醸造酒類）清酒吟醸酒,104,0.3,0,3.6,0
1994,＜アルコール飲料類＞（醸造酒類）清酒純米吟醸酒,103,0.4,0,4.1,0
1995,＜アルコール飲料類＞（醸造酒類）ビール淡色,40,0.3,0,3.1,0
1996,＜アルコール飲料類＞（醸造酒類）ビール黒,46,0.4,0,3.6,0
1997,＜アルコール飲料類＞（醸造酒類）ビールスタウト,63,0.5,0,4.9,0
1998,＜アルコール飲料類＞（醸造酒類）発泡酒,45,0.1,0,3.6,0
1999,＜アルコール飲料類＞（醸造酒類）ぶどう酒白,73,0.1,0,2,0
2000,＜アルコール飲料類＞（醸造酒類）ぶどう酒赤,73,0.2,0,1.5,0
2001,＜アルコール飲料類＞（醸造酒類）ぶどう酒ロゼ,77,0.1,0,4,0
2002,＜アルコール飲料類＞（醸造酒類）紹興酒,127,1.7,0,5.1,0
2003,＜アルコール飲料類＞（蒸留酒類）しょうちゅう連続式蒸留しょうちゅう,206,0,0,0,0
2004,＜アルコール飲料類＞（蒸留酒類）しょうちゅう単式蒸留しょうちゅう,146,0,0,0,0
2005,＜アルコール飲料類＞（蒸留酒類）ウイスキー,237,0,0,0,0
2006,＜アルコール飲料類＞（蒸留酒類）ブランデー,237,0,0,0,0
2007,＜アルコール飲料類＞（蒸留酒類）ウオッカ,240,0,0,0,0
2008,＜アルコール飲料類＞（蒸留酒類）ジン,284,0,0,0.1,0
2009,＜アルコール飲料類＞（蒸留酒類）ラム,240,0,0,0.1,0
2010,＜アルコール飲料類＞（蒸留酒類）マオタイ酒,322,0,0,0,0
2011,＜アルコール飲料類＞（混成酒類）梅酒,156,0.1,0,20.7,0
2012,＜アルコール飲料類＞（混成酒類）合成清酒,109,0.1,0,5.3,0
2013,＜アルコール飲料類＞（混成酒類）白酒,238,1.9,0,48.1,0
2014,＜アルコール飲料類＞（混成酒類）みりん本みりん,241,0.3,0,43.2,0
2015,＜アルコール飲料類＞（混成酒類）みりん本直し,181,0.1,0,14.4,0
2016,＜アルコール飲料類＞（混成酒類）薬味酒,182,0,0,26.8,0
2017,＜アルコール飲料類＞（混成酒類）キュラソー,322,0,0,26.4,0
2018,＜アルコール飲料類＞（混成酒類）スイートワイン,133,0.1,0,13.4,0
2019,＜アルコール飲料類＞（混成酒類）ペパーミント,302,0,0,37.6,0
2020,＜アルコール飲料類＞（混成酒類）ベルモット甘口タイプ,152,0.1,0,16.4,0
2021,＜アルコール飲料類＞（混成酒類）ベルモット辛口タイプ,117,0.1,0,3.7,0
2022,＜茶類＞（緑茶類）玉露茶,329,29.1,4.1,43.9,0
2023,＜茶類＞（緑茶類）玉露浸出液,5,1.3,0,0,0
2024,＜茶類＞（緑茶類）抹茶,324,29.6,5.3,39.5,0
2025,＜茶類＞（緑茶類）せん茶茶,331,24.5,4.7,47.7,0
2026,＜茶類＞（緑茶類）せん茶浸出液,2,0.2,0,0.2,0
2027,＜茶類＞（緑茶類）かまいり茶浸出液,0,0.1,0,0,0
2028,＜茶類＞（緑茶類）番茶浸出液,0,0,0,0.1,0
2029,＜茶類＞（緑茶類）ほうじ茶浸出液,0,0,0,0.1,0
2030,＜茶類＞（緑茶類）玄米茶浸出液,0,0,0,0,0
2031,＜茶類＞（発酵茶類）ウーロン茶浸出液,0,0,0,0.1,0
2032,＜茶類＞（発酵茶類）紅茶茶,311,20.3,2.5,51.7,0
2033,＜茶類＞（発酵茶類）紅茶浸出液,1,0.1,0,0.1,0
2034,＜コーヒー・ココア類＞コーヒー浸出液,4,0.2,0,0.7,0
2035,＜コーヒー・ココア類＞コーヒーインスタントコーヒー,288,14.7,0.3,56.5,0.1
2036,＜コーヒー・ココア類＞コーヒーコーヒー飲料乳成分入り加糖,38,0.7,0.3,8.2,0.1
2037,＜コーヒー・ココア類＞ココアピュアココア,271,18.5,21.6,42.4,0
2038,＜コーヒー・ココア類＞ココアミルクココア,412,7.4,6.8,80.4,0.7
2039,＜その他＞青汁ケール,375,13.8,4.4,70.2,0.6
2040,＜その他＞甘酒,81,1.7,0.1,18.3,0.2
2041,＜その他＞昆布茶,98,5.7,0.4,42.3,48.3
2042,＜その他＞スポーツドリンク,21,0,0,5.1,0.1
2043,＜その他＞（炭酸飲料類）果実色飲料,51,0,0,12.8,0
2044,＜その他＞（炭酸飲料類）コーラ,46,0.1,0,11.4,0
2045,＜その他＞（炭酸飲料類）サイダー,41,0,0,10.2,0
2046,＜その他＞（炭酸飲料類）ビール風味炭酸飲料,5,0.1,0,1.2,0
2047,＜その他＞麦茶浸出液,1,0,0,0.3,0
2048,＜調味料類＞（ウスターソース類）ウスターソース,117,1,0.1,26.8,8.4
2049,＜調味料類＞（ウスターソース類）中濃ソース,132,0.8,0.1,30.8,5.8
2050,＜調味料類＞（ウスターソース類）濃厚ソース,132,0.9,0.1,30.9,5.6
2051,＜調味料類＞（ウスターソース類）お好み焼きソース,148,1.6,0.1,34.3,5.1
2052,＜調味料類＞（辛味調味料類）トウバンジャン,60,2,2.3,7.9,17.8
2053,＜調味料類＞（辛味調味料類）チリペッパーソース,55,0.7,0.5,5.2,1.6
2054,＜調味料類＞（辛味調味料類）ラー油,919,0.1,99.8,0,0
2055,＜調味料類＞（しょうゆ類）こいくちしょうゆ,71,7.7,0,10.1,14.5
2056,＜調味料類＞（しょうゆ類）うすくちしょうゆ,54,5.7,0,7.8,16
2057,＜調味料類＞（しょうゆ類）たまりしょうゆ,111,11.8,0,15.9,13
2058,＜調味料類＞（しょうゆ類）さいしこみしょうゆ,102,9.6,0,15.9,12.4
2059,＜調味料類＞（しょうゆ類）しろしょうゆ,87,2.5,0,19.2,14.2
2060,＜調味料類＞（しょうゆ類）減塩しょうゆこいくち,69,8.1,0,9,8.3
2061,＜調味料類＞（しょうゆ類）だししょうゆ,37,4,0,5.2,7.3
2062,＜調味料類＞（しょうゆ類）照りしょうゆ,170,2.4,0,36.3,4
2063,＜調味料類＞（食塩類）食塩,0,0,0,0,99.5
2064,＜調味料類＞（食塩類）並塩,0,0,0,0,97.3
2065,＜調味料類＞（食塩類）精製塩家庭用,0,0,0,0,99.6
2066,＜調味料類＞（食塩類）精製塩業務用,0,0,0,0,99.6
2067,＜調味料類＞（食酢類）黒酢,54,1,0,9,0
2068,＜調味料類＞（食酢類）穀物酢,25,0.1,0,2.4,0
2069,＜調味料類＞（食酢類）米酢,46,0.2,0,7.4,0
2070,＜調味料類＞（食酢類）果実酢バルサミコ酢,99,0.5,0,19.4,0.1
2071,＜調味料類＞（食酢類）果実酢ぶどう酢,22,0.1,0,1.2,0
2072,＜調味料類＞（食酢類）果実酢りんご酢,26,0.1,0,2.4,0
2073,＜調味料類＞（だし類）かつおだし,3,0.5,0.1,0,0.1
2074,＜調味料類＞（だし類）昆布だし,4,0.1,0,0.9,0.2
2075,＜調味料類＞（だし類）かつお・昆布だし,2,0.3,0,0.3,0.1
2076,＜調味料類＞（だし類）しいたけだし,4,0.1,0,0.9,0
2077,＜調味料類＞（だし類）煮干しだし,1,0.1,0.1,0,0.1
2078,＜調味料類＞（だし類）鳥がらだし,7,1.1,0.2,0,0.1
2079,＜調味料類＞（だし類）中華だし,3,0.8,0,0,0.1
2080,＜調味料類＞（だし類）洋風だし,6,1.3,0,0.3,0.5
2081,＜調味料類＞（だし類）固形ブイヨン,235,7,4.3,42.1,43.2
2082,＜調味料類＞（だし類）顆粒おでん用,168,9.6,0.1,32.2,56.1
2083,＜調味料類＞（だし類）顆粒中華だし,211,12.6,1.6,36.6,47.5
2084,＜調味料類＞（だし類）顆粒和風だし,224,24.2,0.3,31.1,40.6
2085,＜調味料類＞（だし類）めんつゆストレート,44,2.2,0,8.7,3.3
2086,＜調味料類＞（だし類）めんつゆ三倍濃厚,98,4.5,0,20,9.9
2087,＜調味料類＞（調味ソース類）甘酢,125,0.1,0,28.4,1.2
2088,＜調味料類＞（調味ソース類）エビチリの素,55,1.2,1.4,9.5,1.7
2089,＜調味料類＞（調味ソース類）オイスターソース,107,7.7,0.3,18.3,11.4
2090,＜調味料類＞（調味ソース類）黄身酢,230,6.5,13,20.3,5.8
2091,＜調味料類＞（調味ソース類）ごま酢,217,4,8,30.2,1.7
2092,＜調味料類＞（調味ソース類）ごまだれ,285,7.4,14.1,30.1,4.4
2093,＜調味料類＞（調味ソース類）三杯酢,86,0.9,0,18.1,2
2094,＜調味料類＞（調味ソース類）二杯酢,57,3.5,0,8.6,6.5
2095,＜調味料類＞（調味ソース類）すし酢ちらし・稲荷用,150,0.1,0,34.9,6.5
2096,＜調味料類＞（調味ソース類）すし酢にぎり用,70,0.2,0,14.3,9.8
2097,＜調味料類＞（調味ソース類）すし酢巻き寿司・箱寿司用,107,0.1,0,23.8,8.6
2098,＜調味料類＞（調味ソース類）中華風合わせ酢,151,3,3.4,25.6,5.5
2099,＜調味料類＞（調味ソース類）デミグラスソース,82,2.9,3,11,1.3
2100,＜調味料類＞（調味ソース類）テンメンジャン,256,8.5,7.7,38.1,7.3
2101,＜調味料類＞（調味ソース類）ナンプラー,48,9.1,0.1,2.7,22.9
2102,＜調味料類＞（調味ソース類）冷やし中華のたれ,57,2.6,1.5,7.5,4
2103,＜調味料類＞（調味ソース類）ホワイトソース,99,1.8,6.2,9.2,1
2104,＜調味料類＞（調味ソース類）ぽん酢しょうゆ,47,3.4,0.1,8.2,5.8
2105,＜調味料類＞（調味ソース類）マーボー豆腐の素,115,4.2,6.3,10.4,3.6
2106,＜調味料類＞（調味ソース類）マリネ液,68,0.1,0,10.9,0.9
2107,＜調味料類＞（調味ソース類）ミートソース,101,3.8,5,10.1,1.5
2108,＜調味料類＞（調味ソース類）焼き鳥のたれ,131,3.2,0,29.6,5.8
2109,＜調味料類＞（調味ソース類）焼き肉のたれ,169,4.3,2.2,33.1,8.3
2110,＜調味料類＞（調味ソース類）みたらしのたれ,128,0.9,0,31,1.7
2111,＜調味料類＞（調味ソース類）ゆずこしょう,49,1.3,0.8,9.3,25.2
2112,＜調味料類＞（トマト加工品類）トマトピューレー,41,1.9,0.1,9.9,0
2113,＜調味料類＞（トマト加工品類）トマトペースト,89,3.8,0.1,22,0.1
2114,＜調味料類＞（トマト加工品類）トマトケチャップ,119,1.7,0,27.4,3.3
2115,＜調味料類＞（トマト加工品類）トマトソース,44,2,0.2,8.5,0.6
2116,＜調味料類＞（トマト加工品類）チリソース,115,1.8,0.1,26.3,3
2117,＜調味料類＞（ドレッシング類）和風ドレッシングタイプ調味料,82,3.1,0.1,16.1,7.4
2118,＜調味料類＞（ドレッシング類）フレンチドレッシング,406,0.1,41.9,5.9,3
2119,＜調味料類＞（ドレッシング類）和風ドレッシング,198,2.2,18.4,5.1,3.7
2120,＜調味料類＞（ドレッシング類）ごまドレッシング,360,8.5,26.3,21.2,2.7
2121,＜調味料類＞（ドレッシング類）サウザンアイランドドレッシング,416,1,41.4,9.2,3.6
2122,＜調味料類＞（ドレッシング類）マヨネーズ全卵型,703,1.5,75.3,4.5,1.8
2123,＜調味料類＞（ドレッシング類）マヨネーズ卵黄型,670,2.8,72.3,1.7,2.3
2124,＜調味料類＞（ドレッシング類）マヨネーズタイプ調味料低カロリータイプ,282,2.9,28.3,3.3,3.9
2125,＜調味料類＞（みそ類）米みそ甘みそ,217,9.7,3,37.9,6.1
2126,＜調味料類＞（みそ類）米みそ淡色辛みそ,192,12.5,6,21.9,12.4
2127,＜調味料類＞（みそ類）米みそ赤色辛みそ,186,13.1,5.5,21.1,13
2128,＜調味料類＞（みそ類）麦みそ,198,9.7,4.3,30,10.7
2129,＜調味料類＞（みそ類）豆みそ,217,17.2,10.5,14.5,10.9
2130,＜調味料類＞（みそ類）減塩みそ,192,10.8,5.7,24.5,10.3
2131,＜調味料類＞（みそ類）だし入りみそ,194,13.2,5.7,22.4,14.1
2132,＜調味料類＞（みそ類）即席みそ粉末タイプ,343,21.9,9.3,43,20.6
2133,＜調味料類＞（みそ類）即席みそペーストタイプ,131,8.9,3.7,15.4,9.6
2134,＜調味料類＞（みそ類）辛子酢みそ,221,5,2.1,44.6,3.3
2135,＜調味料類＞（みそ類）ごまみそ,258,9.4,9.9,32.9,4
2136,＜調味料類＞（みそ類）酢みそ,216,4.9,1.5,44.8,3.1
2137,＜調味料類＞（みそ類）練りみそ,273,5.5,1.7,59,3.4
2138,＜調味料類＞（ルウ類）カレールウ,512,6.5,34.1,44.7,10.7
2139,＜調味料類＞（ルウ類）ハヤシルウ,512,5.8,33.2,47.5,10.7
2140,＜調味料類＞（その他）お茶漬けの素さけ,264,20.3,3.7,37.4,33.8
2141,＜調味料類＞（その他）酒かす,227,14.9,1.5,23.8,0
2142,＜調味料類＞（その他）即席すまし汁,203,18.1,0.8,30.9,45.4
2143,＜調味料類＞（その他）ふりかけたまご,450,23.4,21.9,39.9,9.2
2144,＜調味料類＞（その他）みりん風調味料,226,0.1,0,54.9,0.2
2145,＜香辛料類＞オールスパイス粉,374,5.6,5.6,75.2,0.1
2146,＜香辛料類＞オニオンパウダー,364,8.8,1.1,79.8,0.1
2147,＜香辛料類＞からし粉,436,33,14.3,43.7,0.1
2148,＜香辛料類＞からし練り,315,5.9,14.5,40.1,7.4
2149,＜香辛料類＞からし練りマスタード,174,4.8,10.6,13.1,3
2150,＜香辛料類＞からし粒入りマスタード,229,7.6,16,12.7,4.1
2151,＜香辛料類＞カレー粉,415,13,12.2,63.3,0.1
2152,＜香辛料類＞クローブ粉,417,7.2,13.6,66.4,0.7
2153,＜香辛料類＞こしょう黒粉,364,11,6,66.6,0.2
2154,＜香辛料類＞こしょう白粉,378,10.1,6.4,70.1,0
2155,＜香辛料類＞こしょう混合粉,371,10.6,6.2,68.3,0.1
2156,＜香辛料類＞さんしょう粉,375,10.3,6.2,69.6,0
2157,＜香辛料類＞シナモン粉,364,3.6,3.5,79.6,0.1
2158,＜香辛料類＞しょうが粉,365,7.8,4.9,72.5,0.1
2159,＜香辛料類＞しょうがおろし,43,0.7,0.6,8.6,1.5
2160,＜香辛料類＞セージ粉,384,6.4,10.1,66.9,0.3
2161,＜香辛料類＞タイム粉,352,6.5,5.2,69.8,0
2162,＜香辛料類＞チリパウダー,374,15,8.2,60.1,6.4
2163,＜香辛料類＞とうがらし粉,419,16.2,9.7,66.8,0
2164,＜香辛料類＞ナツメグ粉,559,5.7,38.5,47.5,0
2165,＜香辛料類＞にんにくガーリックパウダー食塩無添加,382,19.9,0.8,73.8,0
2166,＜香辛料類＞にんにくガーリックパウダー食塩添加,382,19.9,0.8,73.8,8.4
2167,＜香辛料類＞にんにくおろし,171,4.7,0.5,37,4.6
2168,＜香辛料類＞バジル粉,307,21.1,2.2,50.6,0.1
2169,＜香辛料類＞パセリ乾,341,28.7,2.2,51.6,2.2
2170,＜香辛料類＞パプリカ粉,389,15.5,11.6,55.6,0.2
2171,＜香辛料類＞わさび粉からし粉入り,384,16.5,4.4,69.7,0.1
2172,＜香辛料類＞わさび練り,265,3.3,10.3,39.8,6.1
2173,＜その他＞酵母パン酵母圧搾,103,16.5,1.5,12.1,0.1
2174,＜その他＞酵母パン酵母乾燥,313,37.1,6.8,43.1,0.3
2175,＜その他＞天ぷら用バッター,137,3.4,0.5,29.7,0.2
2176,＜その他＞ベーキングパウダー,127,0,1.2,29,17.3
2177,カレービーフレトルトパウチ,118,3.3,7.3,9.8,1.3
2178,ぎょうざ冷凍,197,7.1,8.1,23.8,1.2
2179,グラタンえび冷凍,133,4.8,6.7,13.3,0.9
2180,コーンクリームスープ粉末タイプ,425,8.1,13.7,67.4,7.1
2181,コーンクリームスープレトルトパウチ,86,2,4.8,8.6,0.7
2182,コロッケクリームタイプフライ用冷凍,159,4.7,6.3,20.9,0.7
2183,コロッケクリームタイプフライ済み冷凍,256,5.1,16.2,22.5,0.7
2184,コロッケポテトタイプフライ用冷凍,164,4.6,4.9,25.3,0.7
2185,コロッケポテトタイプフライ済み冷凍,279,4.6,17.6,25.6,0.7
2186,（魚フライ類）いかフライフライ用冷凍,146,10.6,2,21.4,0.8
2187,（魚フライ類）いかフライフライ済み冷凍,329,12.1,20.3,24.5,0.8
2188,（魚フライ類）えびフライフライ用冷凍,139,10.2,1.9,20.3,0.9
2189,（魚フライ類）えびフライフライ済み冷凍,292,9.1,20.3,18.1,0.9
2190,（魚フライ類）白身フライフライ用冷凍,148,11.6,2.7,19.3,0.9
2191,（魚フライ類）白身フライフライ済み冷凍,300,9.7,21.8,16.2,0.9
2192,シチュービーフレトルトパウチ,118,6,7.2,7.4,0.7
2193,しゅうまい冷凍,215,9.3,11.2,19.3,1.3
2194,ハンバーグ冷凍,223,13.3,13.4,12.3,1.2
2195,ピラフ冷凍,161,3.8,2.8,30.1,0.9
2196,ミートボール冷凍,244,11.7,16.4,12.5,1.3
2197,メンチカツフライ用冷凍,196,9.9,7.2,23,1.1
2198,メンチカツフライ済み冷凍,308,9.4,20.3,21.8,1.1
